status,circuit_depth,circuit_width,circuit_size,circuit_count_ops,payload_size,num_gates,execution_type,experiment_type,ibm_job_id,ibm_backend,counts,success_rate,job_duration,job_quantum_duration,job_status,job_success_rate,job_created,job_finished,job_running,job_execution_spans,job_execution_duration
completed,405,5,411,"[[""x"", 92], [""y"", 84], [""u"", 64], [""s"", 43], [""sdg"", 43], [""t"", 37], [""tdg"", 37], [""cx"", 5], [""h"", 4], [""cz"", 1], [""measure"", 1]]",1,200,ibm,dynamic_payload_gates,cytd4gj4raf0008efamg,ibm_brisbane,"{""0"": 1847, ""1"": 2249}",0.450927734375,2.0,2.0,completed,0.450927734375,2025-02-18T18:32:34.271Z,2025-02-18T18:32:41.073Z,2025-02-18T18:32:37.025Z,"ExecutionSpans([DoubleSliceSpan(<start='2025-02-18 18:32:38', stop='2025-02-18 18:32:40', size=4096>)])",1.8713039999999999
completed,407,5,413,"[[""x"", 88], [""u"", 82], [""y"", 60], [""s"", 43], [""t"", 43], [""tdg"", 43], [""sdg"", 43], [""cx"", 5], [""h"", 4], [""cz"", 1], [""measure"", 1]]",1,201,ibm,dynamic_payload_gates,cytd4rb4raf0008efapg,ibm_brisbane,"{""1"": 1092, ""0"": 3004}",0.7333984375,2.0,2.0,completed,0.7333984375,2025-02-18T18:33:05.180Z,2025-02-18T18:33:12.085Z,2025-02-18T18:33:08.115Z,"ExecutionSpans([DoubleSliceSpan(<start='2025-02-18 18:33:09', stop='2025-02-18 18:33:11', size=4096>)])",1.8281830000000001
completed,409,5,415,"[[""u"", 82], [""x"", 80], [""y"", 78], [""t"", 45], [""tdg"", 45], [""s"", 37], [""sdg"", 37], [""cx"", 5], [""h"", 4], [""cz"", 1], [""measure"", 1]]",1,202,ibm,dynamic_payload_gates,cytd504q5bwg0083jjeg,ibm_brisbane,"{""0"": 1910, ""1"": 2186}",0.46630859375,2.0,2.0,completed,0.46630859375,2025-02-18T18:33:36.596Z,2025-02-18T18:33:43.202Z,2025-02-18T18:33:39.365Z,"ExecutionSpans([DoubleSliceSpan(<start='2025-02-18 18:33:40', stop='2025-02-18 18:33:42', size=4096>)])",1.843934
completed,411,5,417,"[[""u"", 84], [""y"", 82], [""x"", 58], [""s"", 54], [""sdg"", 54], [""t"", 37], [""tdg"", 37], [""cx"", 5], [""h"", 4], [""cz"", 1], [""measure"", 1]]",1,203,ibm,dynamic_payload_gates,cytd56mq5bwg0083jjf0,ibm_brisbane,"{""1"": 1144, ""0"": 2952}",0.720703125,2.0,2.0,completed,0.720703125,2025-02-18T18:34:02.593Z,2025-02-18T18:34:09.537Z,2025-02-18T18:34:05.298Z,"ExecutionSpans([DoubleSliceSpan(<start='2025-02-18 18:34:06', stop='2025-02-18 18:34:08', size=4096>)])",1.8332519999999999
completed,413,5,419,"[[""u"", 96], [""x"", 72], [""y"", 70], [""s"", 49], [""sdg"", 49], [""t"", 36], [""tdg"", 36], [""cx"", 5], [""h"", 4], [""cz"", 1], [""measure"", 1]]",1,204,ibm,dynamic_payload_gates,cytd5ed78z600082knrg,ibm_brisbane,"{""0"": 1951, ""1"": 2145}",0.476318359375,2.0,2.0,completed,0.476318359375,2025-02-18T18:34:33.888Z,2025-02-18T18:34:40.664Z,2025-02-18T18:34:36.423Z,"ExecutionSpans([DoubleSliceSpan(<start='2025-02-18 18:34:37', stop='2025-02-18 18:34:39', size=4096>)])",1.8617
completed,415,5,421,"[[""y"", 92], [""u"", 80], [""x"", 78], [""t"", 44], [""tdg"", 44], [""s"", 36], [""sdg"", 36], [""cx"", 5], [""h"", 4], [""cz"", 1], [""measure"", 1]]",1,205,ibm,dynamic_payload_gates,cytd5pe78z600082knv0,ibm_brisbane,"{""1"": 1234, ""0"": 2862}",0.69873046875,2.0,2.0,completed,0.69873046875,2025-02-18T18:35:05.243Z,2025-02-18T18:35:11.617Z,2025-02-18T18:35:07.689Z,"ExecutionSpans([DoubleSliceSpan(<start='2025-02-18 18:35:08', stop='2025-02-18 18:35:10', size=4096>)])",1.8938160000000002
completed,207,7,416,"[[""u"", 84], [""x"", 66], [""y"", 66], [""s"", 52], [""sdg"", 52], [""t"", 40], [""tdg"", 40], [""cx"", 7], [""h"", 6], [""measure"", 2], [""cz"", 1]]",2,200,ibm,dynamic_payload_gates,cytd5xqy2gd000882qx0,ibm_brisbane,"{""11"": 1518, ""10"": 607, ""00"": 1474, ""01"": 497}",0.35986328125,2.0,2.0,completed,0.35986328125,2025-02-18T18:35:34.676Z,2025-02-18T18:35:41.978Z,2025-02-18T18:35:37.934Z,"ExecutionSpans([DoubleSliceSpan(<start='2025-02-18 18:35:39', stop='2025-02-18 18:35:41', size=4096>)])",1.916379
completed,207,7,418,"[[""y"", 94], [""x"", 80], [""u"", 62], [""s"", 43], [""sdg"", 43], [""t"", 40], [""tdg"", 40], [""cx"", 7], [""h"", 6], [""measure"", 2], [""cz"", 1]]",2,201,ibm,dynamic_payload_gates,cytd65g4raf0008efav0,ibm_brisbane,"{""11"": 1414, ""10"": 572, ""00"": 1526, ""01"": 584}",0.37255859375,2.0,2.0,completed,0.37255859375,2025-02-18T18:36:06.402Z,2025-02-18T18:36:13.066Z,2025-02-18T18:36:09.148Z,"ExecutionSpans([DoubleSliceSpan(<start='2025-02-18 18:36:10', stop='2025-02-18 18:36:12', size=4096>)])",1.86947
completed,209,7,420,"[[""y"", 84], [""x"", 76], [""u"", 66], [""s"", 54], [""sdg"", 54], [""t"", 35], [""tdg"", 35], [""cx"", 7], [""h"", 6], [""measure"", 2], [""cz"", 1]]",2,202,ibm,dynamic_payload_gates,cytd6dhq5bwg0083jjmg,ibm_brisbane,"{""10"": 649, ""00"": 2141, ""11"": 590, ""01"": 716}",0.522705078125,2.0,2.0,completed,0.522705078125,2025-02-18T18:36:38.641Z,2025-02-18T18:36:45.372Z,2025-02-18T18:36:41.426Z,"ExecutionSpans([DoubleSliceSpan(<start='2025-02-18 18:36:42', stop='2025-02-18 18:36:44', size=4096>)])",1.867225
completed,209,7,422,"[[""u"", 82], [""y"", 72], [""x"", 56], [""t"", 51], [""tdg"", 51], [""s"", 47], [""sdg"", 47], [""cx"", 7], [""h"", 6], [""measure"", 2], [""cz"", 1]]",2,203,ibm,dynamic_payload_gates,cytd6m24raf0008efax0,ibm_brisbane,"{""10"": 633, ""11"": 1266, ""00"": 1539, ""01"": 658}",0.375732421875,2.0,2.0,completed,0.375732421875,2025-02-18T18:37:05.012Z,2025-02-18T18:37:16.461Z,2025-02-18T18:37:07.698Z,"ExecutionSpans([DoubleSliceSpan(<start='2025-02-18 18:37:13', stop='2025-02-18 18:37:15', size=4096>)])",1.887615
completed,211,7,424,"[[""x"", 82], [""y"", 80], [""u"", 64], [""t"", 52], [""tdg"", 52], [""s"", 39], [""sdg"", 39], [""cx"", 7], [""h"", 6], [""measure"", 2], [""cz"", 1]]",2,204,ibm,dynamic_payload_gates,cytd6w378z600082knx0,ibm_brisbane,"{""10"": 573, ""01"": 629, ""11"": 1566, ""00"": 1328}",0.32421875,2.0,2.0,completed,0.32421875,2025-02-18T18:37:36.710Z,2025-02-18T18:37:43.339Z,2025-02-18T18:37:39.312Z,"ExecutionSpans([DoubleSliceSpan(<start='2025-02-18 18:37:40', stop='2025-02-18 18:37:42', size=4096>)])",1.861932
completed,211,7,426,"[[""u"", 96], [""y"", 90], [""x"", 84], [""s"", 38], [""sdg"", 38], [""t"", 32], [""tdg"", 32], [""cx"", 7], [""h"", 6], [""measure"", 2], [""cz"", 1]]",2,205,ibm,dynamic_payload_gates,cytd73w4raf0008efaz0,ibm_brisbane,"{""11"": 550, ""01"": 708, ""00"": 2213, ""10"": 625}",0.540283203125,2.0,2.0,completed,0.540283203125,2025-02-18T18:38:07.264Z,2025-02-18T18:38:18.993Z,2025-02-18T18:38:09.933Z,"ExecutionSpans([DoubleSliceSpan(<start='2025-02-18 18:38:16', stop='2025-02-18 18:38:17', size=4096>)])",1.9061439999999998
completed,141,9,421,"[[""u"", 92], [""x"", 80], [""y"", 66], [""t"", 43], [""tdg"", 43], [""s"", 38], [""sdg"", 38], [""cx"", 9], [""h"", 8], [""measure"", 3], [""cz"", 1]]",3,200,ibm,dynamic_payload_gates,cytd7bn38jq0008xtfz0,ibm_brisbane,"{""001"": 309, ""000"": 753, ""110"": 384, ""100"": 601, ""011"": 520, ""111"": 807, ""010"": 339, ""101"": 383}",0.183837890625,2.0,2.0,completed,0.183837890625,2025-02-18T18:38:38.285Z,2025-02-18T18:38:44.934Z,2025-02-18T18:38:40.763Z,"ExecutionSpans([DoubleSliceSpan(<start='2025-02-18 18:38:42', stop='2025-02-18 18:38:43', size=4096>)])",1.923946
completed,143,9,423,"[[""y"", 96], [""u"", 90], [""x"", 72], [""t"", 37], [""tdg"", 37], [""s"", 35], [""sdg"", 35], [""cx"", 9], [""h"", 8], [""measure"", 3], [""cz"", 1]]",3,201,ibm,dynamic_payload_gates,cytd7j678z600082knzg,ibm_brisbane,"{""111"": 603, ""000"": 833, ""101"": 452, ""010"": 489, ""001"": 455, ""110"": 357, ""100"": 491, ""011"": 416}",0.203369140625,2.0,2.0,completed,0.203369140625,2025-02-18T18:39:04.288Z,2025-02-18T18:39:10.384Z,2025-02-18T18:39:06.400Z,"ExecutionSpans([DoubleSliceSpan(<start='2025-02-18 18:39:07', stop='2025-02-18 18:39:09', size=4096>)])",1.949814
completed,143,9,425,"[[""x"", 96], [""u"", 78], [""y"", 72], [""t"", 42], [""tdg"", 42], [""s"", 37], [""sdg"", 37], [""cx"", 9], [""h"", 8], [""measure"", 3], [""cz"", 1]]",3,202,ibm,dynamic_payload_gates,cytd7r778z600082kp10,ibm_brisbane,"{""110"": 397, ""101"": 410, ""100"": 716, ""001"": 381, ""010"": 406, ""111"": 588, ""011"": 597, ""000"": 601}",0.146728515625,2.0,2.0,completed,0.146728515625,2025-02-18T18:39:28.689Z,2025-02-18T18:39:42.799Z,2025-02-18T18:39:31.274Z,"ExecutionSpans([DoubleSliceSpan(<start='2025-02-18 18:39:39', stop='2025-02-18 18:39:41', size=4096>)])",1.934424
completed,145,9,429,"[[""x"", 94], [""y"", 86], [""u"", 72], [""t"", 44], [""tdg"", 44], [""s"", 34], [""sdg"", 34], [""cx"", 9], [""h"", 8], [""measure"", 3], [""cz"", 1]]",3,204,ibm,dynamic_payload_gates,cytdcx3jj6dg008g0wag,ibm_brisbane,"{""010"": 347, ""000"": 850, ""011"": 513, ""100"": 636, ""111"": 608, ""001"": 408, ""110"": 378, ""101"": 356}",0.20751953125,2.0,2.0,completed,0.20751953125,2025-02-18T18:50:28.583Z,2025-02-18T18:50:35.527Z,2025-02-18T18:50:31.419Z,"ExecutionSpans([DoubleSliceSpan(<start='2025-02-18 18:50:32', stop='2025-02-18 18:50:34', size=4096>)])",1.942275
completed,145,9,431,"[[""x"", 84], [""u"", 78], [""y"", 70], [""t"", 48], [""tdg"", 48], [""s"", 41], [""sdg"", 41], [""cx"", 9], [""h"", 8], [""measure"", 3], [""cz"", 1]]",3,205,ibm,dynamic_payload_gates,cytdd3c78z600082kpf0,ibm_brisbane,"{""100"": 858, ""111"": 808, ""011"": 462, ""110"": 429, ""001"": 267, ""010"": 259, ""101"": 465, ""000"": 548}",0.1337890625,2.0,2.0,completed,0.1337890625,2025-02-18T18:50:53.868Z,2025-02-18T18:51:00.462Z,2025-02-18T18:50:56.552Z,"ExecutionSpans([DoubleSliceSpan(<start='2025-02-18 18:50:57', stop='2025-02-18 18:50:59', size=4096>)])",1.946355
completed,111,11,426,"[[""y"", 92], [""u"", 90], [""x"", 86], [""s"", 34], [""sdg"", 34], [""t"", 32], [""tdg"", 32], [""cx"", 11], [""h"", 10], [""measure"", 4], [""cz"", 1]]",4,200,ibm,dynamic_payload_gates,cytddb5jj6dg008g0wb0,ibm_brisbane,"{""1011"": 215, ""0100"": 240, ""0110"": 221, ""0011"": 201, ""1000"": 388, ""1010"": 219, ""0010"": 184, ""1101"": 203, ""0000"": 324, ""1110"": 234, ""1100"": 229, ""1001"": 269, ""1111"": 241, ""0101"": 198, ""0001"": 456, ""0111"": 274}",0.0791015625,2.0,2.0,completed,0.0791015625,2025-02-18T18:51:24.549Z,2025-02-18T18:51:30.617Z,2025-02-18T18:51:26.480Z,"ExecutionSpans([DoubleSliceSpan(<start='2025-02-18 18:51:27', stop='2025-02-18 18:51:29', size=4096>)])",1.9856669999999998
completed,111,11,428,"[[""y"", 90], [""x"", 86], [""u"", 74], [""t"", 46], [""tdg"", 46], [""s"", 30], [""sdg"", 30], [""cx"", 11], [""h"", 10], [""measure"", 4], [""cz"", 1]]",4,201,ibm,dynamic_payload_gates,cytddhejj6dg008g0wbg,ibm_brisbane,"{""0101"": 247, ""0011"": 266, ""1101"": 324, ""0001"": 228, ""1011"": 246, ""0110"": 275, ""0100"": 217, ""1111"": 310, ""1010"": 245, ""1110"": 241, ""1100"": 188, ""0010"": 323, ""1000"": 213, ""0111"": 314, ""0000"": 251, ""1001"": 208}",0.061279296875,2.0,2.0,completed,0.061279296875,2025-02-18T18:51:49.303Z,2025-02-18T18:51:56.210Z,2025-02-18T18:51:51.952Z,"ExecutionSpans([DoubleSliceSpan(<start='2025-02-18 18:51:53', stop='2025-02-18 18:51:55', size=4096>)])",2.002043
completed,111,11,430,"[[""u"", 92], [""x"", 88], [""y"", 84], [""t"", 39], [""tdg"", 39], [""s"", 31], [""sdg"", 31], [""cx"", 11], [""h"", 10], [""measure"", 4], [""cz"", 1]]",4,202,ibm,dynamic_payload_gates,cytddrz78z600082kpj0,ibm_brisbane,"{""1111"": 467, ""1110"": 317, ""1100"": 406, ""1011"": 390, ""0110"": 157, ""0001"": 134, ""0100"": 190, ""0011"": 196, ""1001"": 245, ""1010"": 259, ""1101"": 262, ""0010"": 127, ""1000"": 394, ""0111"": 234, ""0000"": 171, ""0101"": 147}",0.041748046875,2.0,2.0,completed,0.041748046875,2025-02-18T18:52:19.566Z,2025-02-18T18:52:26.918Z,2025-02-18T18:52:22.605Z,"ExecutionSpans([DoubleSliceSpan(<start='2025-02-18 18:52:23', stop='2025-02-18 18:52:25', size=4096>)])",1.976563
completed,111,11,432,"[[""y"", 96], [""u"", 90], [""x"", 78], [""s"", 37], [""sdg"", 37], [""t"", 34], [""tdg"", 34], [""cx"", 11], [""h"", 10], [""measure"", 4], [""cz"", 1]]",4,203,ibm,dynamic_payload_gates,cytde0ry2gd000882rj0,ibm_brisbane,"{""0101"": 173, ""0011"": 326, ""0111"": 344, ""1011"": 361, ""1010"": 225, ""1101"": 160, ""0010"": 220, ""0001"": 174, ""1000"": 379, ""1110"": 197, ""0000"": 320, ""1111"": 313, ""1100"": 238, ""0100"": 257, ""0110"": 208, ""1001"": 201}",0.078125,2.0,2.0,completed,0.078125,2025-02-18T18:52:51.183Z,2025-02-18T18:52:58.103Z,2025-02-18T18:52:53.877Z,"ExecutionSpans([DoubleSliceSpan(<start='2025-02-18 18:52:55', stop='2025-02-18 18:52:57', size=4096>)])",1.986337
completed,113,11,434,"[[""y"", 82], [""x"", 80], [""u"", 74], [""t"", 47], [""tdg"", 47], [""s"", 39], [""sdg"", 39], [""cx"", 11], [""h"", 10], [""measure"", 4], [""cz"", 1]]",4,204,ibm,dynamic_payload_gates,cytde8h4raf0008efbg0,ibm_brisbane,"{""0110"": 213, ""0001"": 182, ""1001"": 333, ""1110"": 453, ""1010"": 251, ""0100"": 157, ""1101"": 332, ""1000"": 320, ""0111"": 212, ""1100"": 305, ""0000"": 180, ""1011"": 271, ""0010"": 126, ""0011"": 165, ""1111"": 425, ""0101"": 171}",0.0439453125,2.0,2.0,completed,0.0439453125,2025-02-18T18:53:22.410Z,2025-02-18T18:53:28.856Z,2025-02-18T18:53:24.598Z,"ExecutionSpans([DoubleSliceSpan(<start='2025-02-18 18:53:25', stop='2025-02-18 18:53:27', size=4096>)])",1.998772
completed,113,11,436,"[[""x"", 102], [""y"", 86], [""u"", 60], [""t"", 43], [""tdg"", 43], [""s"", 38], [""sdg"", 38], [""cx"", 11], [""h"", 10], [""measure"", 4], [""cz"", 1]]",4,205,ibm,dynamic_payload_gates,cytdeeh78z600082kpkg,ibm_brisbane,"{""1101"": 195, ""1110"": 219, ""0101"": 219, ""1000"": 304, ""1001"": 422, ""0011"": 205, ""1011"": 206, ""0100"": 189, ""0110"": 338, ""1100"": 160, ""1111"": 224, ""0000"": 339, ""0010"": 222, ""0111"": 290, ""0001"": 365, ""1010"": 199}",0.082763671875,2.0,2.0,completed,0.082763671875,2025-02-18T18:53:47.039Z,2025-02-18T18:53:53.856Z,2025-02-18T18:53:49.645Z,"ExecutionSpans([DoubleSliceSpan(<start='2025-02-18 18:53:50', stop='2025-02-18 18:53:52', size=4096>)])",1.9768729999999999
completed,93,13,431,"[[""u"", 98], [""y"", 90], [""x"", 54], [""s"", 44], [""sdg"", 44], [""t"", 35], [""tdg"", 35], [""cx"", 13], [""h"", 12], [""measure"", 5], [""cz"", 1]]",5,200,ibm,dynamic_payload_gates,cytdepa38jq0008xtgm0,ibm_brisbane,"{""01001"": 120, ""00111"": 131, ""11010"": 144, ""11000"": 164, ""11111"": 101, ""10011"": 173, ""10110"": 88, ""10111"": 163, ""10100"": 138, ""00001"": 95, ""11011"": 143, ""10001"": 100, ""10000"": 141, ""01000"": 158, ""10101"": 117, ""00100"": 187, ""01011"": 160, ""01110"": 105, ""11110"": 70, ""01111"": 200, ""00000"": 174, ""11001"": 95, ""00010"": 128, ""00110"": 98, ""01010"": 109, ""01101"": 123, ""11100"": 126, ""10010"": 89, ""00011"": 135, ""11101"": 91, ""01100"": 152, ""00101"": 78}",0.04248046875,3.0,3.0,completed,0.04248046875,2025-02-18T18:54:17.267Z,2025-02-18T18:54:24.856Z,2025-02-18T18:54:19.923Z,"ExecutionSpans([DoubleSliceSpan(<start='2025-02-18 18:54:21', stop='2025-02-18 18:54:23', size=4096>)])",2.025345
completed,93,13,433,"[[""x"", 94], [""y"", 78], [""u"", 60], [""s"", 50], [""sdg"", 50], [""t"", 35], [""tdg"", 35], [""cx"", 13], [""h"", 12], [""measure"", 5], [""cz"", 1]]",5,201,ibm,dynamic_payload_gates,cytdexv4raf0008efbkg,ibm_brisbane,"{""10111"": 171, ""11111"": 176, ""01100"": 51, ""11000"": 157, ""00011"": 71, ""11001"": 205, ""10011"": 164, ""11011"": 149, ""10001"": 188, ""00110"": 166, ""01001"": 116, ""01110"": 124, ""11110"": 171, ""10110"": 241, ""10100"": 133, ""11010"": 181, ""10010"": 195, ""10101"": 130, ""00100"": 86, ""01011"": 64, ""00010"": 100, ""10000"": 160, ""00001"": 120, ""01000"": 86, ""01111"": 67, ""01101"": 52, ""00101"": 58, ""00111"": 95, ""00000"": 81, ""11101"": 132, ""01010"": 89}",0.019775390625,3.0,3.0,completed,0.019775390625,2025-02-18T18:54:47.431Z,2025-02-18T18:54:54.969Z,2025-02-18T18:54:50.723Z,"ExecutionSpans([DoubleSliceSpan(<start='2025-02-18 18:54:51', stop='2025-02-18 18:54:53', size=4096>)])",2.023193
completed,93,13,435,"[[""u"", 92], [""x"", 74], [""y"", 72], [""t"", 54], [""tdg"", 54], [""s"", 29], [""sdg"", 29], [""cx"", 13], [""h"", 12], [""measure"", 5], [""cz"", 1]]",5,202,ibm,dynamic_payload_gates,cytdf5c4raf0008efbmg,ibm_brisbane,"{""11011"": 93, ""10001"": 56, ""00111"": 86, ""00001"": 136, ""01111"": 157, ""01101"": 164, ""10111"": 48, ""00000"": 157, ""01001"": 203, ""01110"": 279, ""10101"": 70, ""01000"": 304, ""10011"": 51, ""01010"": 320, ""11001"": 112, ""00110"": 168, ""01100"": 222, ""11110"": 74, ""00010"": 133, ""11111"": 105, ""11101"": 107, ""00011"": 131, ""11010"": 81, ""11100"": 76, ""00100"": 130, ""01011"": 287, ""10100"": 57, ""00101"": 93, ""10000"": 36, ""11000"": 79, ""10110"": 43, ""10010"": 38}",0.038330078125,3.0,3.0,completed,0.038330078125,2025-02-18T18:55:17.636Z,2025-02-18T18:55:25.292Z,2025-02-18T18:55:20.160Z,"ExecutionSpans([DoubleSliceSpan(<start='2025-02-18 18:55:21', stop='2025-02-18 18:55:24', size=4096>)])",2.952952
completed,93,13,437,"[[""u"", 100], [""x"", 90], [""y"", 72], [""s"", 41], [""sdg"", 41], [""t"", 31], [""tdg"", 31], [""cx"", 13], [""h"", 12], [""measure"", 5], [""cz"", 1]]",5,203,ibm,dynamic_payload_gates,cytdfdn4raf0008efbn0,ibm_brisbane,"{""10000"": 106, ""11101"": 146, ""11100"": 120, ""10111"": 131, ""11111"": 277, ""01110"": 229, ""01100"": 122, ""11001"": 202, ""00110"": 113, ""01111"": 193, ""11000"": 173, ""01001"": 150, ""01000"": 165, ""11110"": 212, ""00100"": 52, ""11010"": 158, ""00011"": 80, ""00000"": 83, ""11011"": 151, ""00101"": 74, ""10110"": 93, ""10010"": 74, ""00001"": 98, ""10001"": 102, ""01101"": 109, ""01010"": 161, ""10101"": 60, ""10100"": 58, ""01011"": 161, ""00111"": 94, ""10011"": 68, ""00010"": 81}",0.020263671875,3.0,3.0,completed,0.020263671875,2025-02-18T18:55:50.670Z,2025-02-18T18:55:57.781Z,2025-02-18T18:55:53.267Z,"ExecutionSpans([DoubleSliceSpan(<start='2025-02-18 18:55:54', stop='2025-02-18 18:55:56', size=4096>)])",2.011642
completed,93,13,439,"[[""u"", 94], [""y"", 90], [""x"", 78], [""t"", 40], [""tdg"", 40], [""s"", 33], [""sdg"", 33], [""cx"", 13], [""h"", 12], [""measure"", 5], [""cz"", 1]]",5,204,ibm,dynamic_payload_gates,cytdfnpq5bwg0083jkjg,ibm_brisbane,"{""01010"": 66, ""11101"": 184, ""11110"": 176, ""11000"": 253, ""11011"": 109, ""11010"": 150, ""11100"": 119, ""00100"": 76, ""00000"": 165, ""01101"": 95, ""10111"": 160, ""11111"": 166, ""00011"": 68, ""10000"": 231, ""10010"": 143, ""10101"": 130, ""11001"": 240, ""10011"": 113, ""01011"": 56, ""00101"": 51, ""00010"": 72, ""10001"": 201, ""00001"": 150, ""10100"": 107, ""01001"": 92, ""01100"": 66, ""00111"": 113, ""01111"": 91, ""01110"": 91, ""10110"": 171, ""01000"": 118, ""00110"": 73}",0.040283203125,3.0,3.0,completed,0.040283203125,2025-02-18T18:56:23.106Z,2025-02-18T18:56:31.173Z,2025-02-18T18:56:26.127Z,"ExecutionSpans([DoubleSliceSpan(<start='2025-02-18 18:56:28', stop='2025-02-18 18:56:30', size=4096>)])",2.034261
completed,95,13,441,"[[""u"", 106], [""x"", 78], [""y"", 76], [""t"", 39], [""tdg"", 39], [""s"", 36], [""sdg"", 36], [""cx"", 13], [""h"", 12], [""measure"", 5], [""cz"", 1]]",5,205,ibm,dynamic_payload_gates,cytdfxzy2gd000882rqg,ibm_brisbane,"{""11011"": 211, ""11101"": 117, ""00111"": 144, ""11100"": 163, ""01010"": 67, ""10100"": 193, ""01111"": 134, ""01000"": 123, ""01100"": 96, ""10010"": 127, ""00001"": 74, ""11111"": 260, ""10101"": 94, ""11001"": 142, ""10011"": 162, ""10001"": 138, ""00110"": 79, ""00101"": 76, ""10000"": 217, ""11010"": 134, ""00010"": 52, ""10111"": 195, ""11000"": 198, ""00011"": 89, ""01011"": 100, ""00000"": 134, ""10110"": 116, ""01001"": 65, ""00100"": 94, ""01110"": 90, ""01101"": 60, ""11110"": 152}",0.03271484375,3.0,3.0,completed,0.03271484375,2025-02-18T18:56:56.157Z,2025-02-18T18:57:03.444Z,2025-02-18T18:56:58.892Z,"ExecutionSpans([DoubleSliceSpan(<start='2025-02-18 18:57:00', stop='2025-02-18 18:57:02', size=4096>)])",2.160374
completed,1005,5,1011,"[[""x"", 206], [""y"", 186], [""u"", 180], [""s"", 107], [""t"", 107], [""tdg"", 107], [""sdg"", 107], [""cx"", 5], [""h"", 4], [""cz"", 1], [""measure"", 1]]",1,500,ibm,dynamic_payload_gates,cyv0974q5bwg0083nxqg,ibm_kyiv,"{""1"": 2000, ""0"": 2096}",0.51171875,3.0,3.0,completed,0.51171875,2025-02-19T16:19:41.159Z,2025-02-19T16:19:54.262Z,2025-02-19T16:19:43.917Z,"ExecutionSpans([SliceSpan(<start='2025-02-19 16:19:44', stop='2025-02-19 16:19:53', size=4096>)])",8.995935
completed,1007,5,1013,"[[""y"", 216], [""u"", 214], [""x"", 194], [""s"", 112], [""sdg"", 112], [""t"", 77], [""tdg"", 77], [""cx"", 5], [""h"", 4], [""cz"", 1], [""measure"", 1]]",1,501,ibm,dynamic_payload_gates,cyv09f578z600082q1pg,ibm_kyiv,"{""0"": 1643, ""1"": 2453}",0.401123046875,3.0,3.0,completed,0.401123046875,2025-02-19T16:20:13.017Z,2025-02-19T16:20:27.808Z,2025-02-19T16:20:16.166Z,"ExecutionSpans([SliceSpan(<start='2025-02-19 16:20:16', stop='2025-02-19 16:20:27', size=4096>)])",10.337377
completed,1011,5,1017,"[[""x"", 226], [""y"", 184], [""u"", 182], [""t"", 104], [""tdg"", 104], [""s"", 103], [""sdg"", 103], [""cx"", 5], [""h"", 4], [""cz"", 1], [""measure"", 1]]",1,503,ibm,dynamic_payload_gates,cyv0emay2gd0008864eg,ibm_kyiv,"{""1"": 2034, ""0"": 2062}",0.50341796875,3.0,3.0,completed,0.50341796875,2025-02-19T16:31:14.068Z,2025-02-19T16:31:27.935Z,2025-02-19T16:31:17.069Z,"ExecutionSpans([SliceSpan(<start='2025-02-19 16:31:17', stop='2025-02-19 16:31:26', size=4096>)])",9.11136
completed,1013,5,1019,"[[""u"", 228], [""x"", 214], [""y"", 172], [""s"", 103], [""sdg"", 103], [""t"", 94], [""tdg"", 94], [""cx"", 5], [""h"", 4], [""cz"", 1], [""measure"", 1]]",1,504,ibm,dynamic_payload_gates,cyv0exb4raf0008ejsv0,ibm_kyiv,"{""1"": 1476, ""0"": 2620}",0.6396484375,3.0,3.0,completed,0.6396484375,2025-02-19T16:31:49.165Z,2025-02-19T16:32:03.382Z,2025-02-19T16:31:51.975Z,"ExecutionSpans([SliceSpan(<start='2025-02-19 16:31:52', stop='2025-02-19 16:32:02', size=4096>)])",9.959937
completed,1015,5,1021,"[[""x"", 218], [""u"", 214], [""y"", 194], [""s"", 107], [""sdg"", 107], [""t"", 85], [""tdg"", 85], [""cx"", 5], [""h"", 4], [""cz"", 1], [""measure"", 1]]",1,505,ibm,dynamic_payload_gates,cyv0f6438jq0008xxx7g,ibm_kyiv,"{""1"": 1540, ""0"": 2556}",0.6240234375,3.0,3.0,completed,0.6240234375,2025-02-19T16:32:24.612Z,2025-02-19T16:32:37.365Z,2025-02-19T16:32:27.358Z,"ExecutionSpans([SliceSpan(<start='2025-02-19 16:32:27', stop='2025-02-19 16:32:36', size=4096>)])",8.73359
completed,507,7,1016,"[[""u"", 236], [""x"", 182], [""y"", 178], [""s"", 115], [""sdg"", 115], [""t"", 87], [""tdg"", 87], [""cx"", 7], [""h"", 6], [""measure"", 2], [""cz"", 1]]",2,500,ibm,dynamic_payload_gates,cyv0fdnq5bwg0083nygg,ibm_kyiv,"{""00"": 1231, ""10"": 1209, ""11"": 857, ""01"": 799}",0.300537109375,3.0,3.0,completed,0.300537109375,2025-02-19T16:32:54.586Z,2025-02-19T16:33:07.579Z,2025-02-19T16:32:57.326Z,"ExecutionSpans([SliceSpan(<start='2025-02-19 16:32:57', stop='2025-02-19 16:33:06', size=4096>)])",8.984404
completed,507,7,1018,"[[""y"", 250], [""u"", 192], [""x"", 192], [""s"", 102], [""sdg"", 102], [""t"", 82], [""tdg"", 82], [""cx"", 7], [""h"", 6], [""measure"", 2], [""cz"", 1]]",2,501,ibm,dynamic_payload_gates,cyv0fpp38jq0008xxxbg,ibm_kyiv,"{""11"": 1112, ""10"": 1022, ""01"": 788, ""00"": 1174}",0.28662109375,3.0,3.0,completed,0.28662109375,2025-02-19T16:33:30.474Z,2025-02-19T16:33:43.308Z,2025-02-19T16:33:33.039Z,"ExecutionSpans([SliceSpan(<start='2025-02-19 16:33:33', stop='2025-02-19 16:33:42', size=4096>)])",8.890642
completed,509,7,1020,"[[""x"", 228], [""u"", 214], [""y"", 176], [""s"", 102], [""sdg"", 102], [""t"", 91], [""tdg"", 91], [""cx"", 7], [""h"", 6], [""measure"", 2], [""cz"", 1]]",2,502,ibm,dynamic_payload_gates,cyv0fzq38jq0008xxxcg,ibm_kyiv,"{""00"": 807, ""10"": 1079, ""01"": 1162, ""11"": 1048}",0.197021484375,3.0,3.0,completed,0.197021484375,2025-02-19T16:34:06.170Z,2025-02-19T16:34:19.070Z,2025-02-19T16:34:08.947Z,"ExecutionSpans([SliceSpan(<start='2025-02-19 16:34:09', stop='2025-02-19 16:34:18', size=4096>)])",8.838643
completed,509,7,1022,"[[""x"", 214], [""u"", 196], [""y"", 184], [""s"", 105], [""sdg"", 105], [""t"", 101], [""tdg"", 101], [""cx"", 7], [""h"", 6], [""measure"", 2], [""cz"", 1]]",2,503,ibm,dynamic_payload_gates,cyv0g81q5bwg0083nyp0,ibm_kyiv,"{""00"": 1023, ""01"": 1046, ""11"": 1164, ""10"": 863}",0.249755859375,3.0,3.0,completed,0.249755859375,2025-02-19T16:34:40.152Z,2025-02-19T16:34:53.020Z,2025-02-19T16:34:42.970Z,"ExecutionSpans([SliceSpan(<start='2025-02-19 16:34:43', stop='2025-02-19 16:34:52', size=4096>)])",8.83917
completed,511,7,1024,"[[""x"", 230], [""u"", 224], [""y"", 174], [""s"", 98], [""sdg"", 98], [""t"", 92], [""tdg"", 92], [""cx"", 7], [""h"", 6], [""measure"", 2], [""cz"", 1]]",2,504,ibm,dynamic_payload_gates,cyv0gga78z600082q2hg,ibm_kyiv,"{""11"": 1192, ""01"": 775, ""10"": 964, ""00"": 1165}",0.284423828125,3.0,3.0,completed,0.284423828125,2025-02-19T16:35:13.711Z,2025-02-19T16:35:26.624Z,2025-02-19T16:35:16.311Z,"ExecutionSpans([SliceSpan(<start='2025-02-19 16:35:16', stop='2025-02-19 16:35:25', size=4096>)])",8.96537
completed,511,7,1026,"[[""u"", 224], [""y"", 196], [""x"", 188], [""s"", 108], [""sdg"", 108], [""t"", 93], [""tdg"", 93], [""cx"", 7], [""h"", 6], [""measure"", 2], [""cz"", 1]]",2,505,ibm,dynamic_payload_gates,cyv0grv78z600082q2j0,ibm_kyiv,"{""00"": 1116, ""11"": 1147, ""10"": 1005, ""01"": 828}",0.2724609375,3.0,3.0,completed,0.2724609375,2025-02-19T16:35:47.108Z,2025-02-19T16:36:00.860Z,2025-02-19T16:35:50.224Z,"ExecutionSpans([SliceSpan(<start='2025-02-19 16:35:50', stop='2025-02-19 16:36:00', size=4096>)])",9.352389
completed,341,9,1021,"[[""x"", 214], [""y"", 210], [""u"", 184], [""t"", 103], [""tdg"", 103], [""s"", 93], [""sdg"", 93], [""cx"", 9], [""h"", 8], [""measure"", 3], [""cz"", 1]]",3,500,ibm,dynamic_payload_gates,cyv0h2m38jq0008xxxmg,ibm_kyiv,"{""110"": 393, ""100"": 410, ""001"": 479, ""010"": 642, ""011"": 555, ""101"": 378, ""000"": 796, ""111"": 443}",0.1943359375,3.0,3.0,completed,0.1943359375,2025-02-19T16:36:26.648Z,2025-02-19T16:36:41.219Z,2025-02-19T16:36:29.318Z,"ExecutionSpans([SliceSpan(<start='2025-02-19 16:36:30', stop='2025-02-19 16:36:40', size=4096>)])",10.322097
completed,343,9,1023,"[[""u"", 206], [""x"", 176], [""y"", 170], [""s"", 117], [""sdg"", 117], [""t"", 108], [""tdg"", 108], [""cx"", 9], [""h"", 8], [""measure"", 3], [""cz"", 1]]",3,501,ibm,dynamic_payload_gates,cyv0hbd78z600082q2qg,ibm_kyiv,"{""101"": 707, ""001"": 457, ""111"": 580, ""011"": 375, ""100"": 632, ""010"": 380, ""000"": 415, ""110"": 550}",0.101318359375,3.0,3.0,completed,0.101318359375,2025-02-19T16:37:01.903Z,2025-02-19T16:37:16.823Z,2025-02-19T16:37:05.227Z,"ExecutionSpans([SliceSpan(<start='2025-02-19 16:37:05', stop='2025-02-19 16:37:16', size=4096>)])",10.305535
completed,343,9,1025,"[[""u"", 194], [""x"", 192], [""y"", 180], [""s"", 129], [""sdg"", 129], [""t"", 90], [""tdg"", 90], [""cx"", 9], [""h"", 8], [""measure"", 3], [""cz"", 1]]",3,502,ibm,dynamic_payload_gates,cyv0hm6y2gd00088652g,ibm_kyiv,"{""001"": 419, ""110"": 599, ""000"": 439, ""011"": 406, ""010"": 442, ""101"": 582, ""100"": 630, ""111"": 579}",0.107177734375,3.0,3.0,completed,0.107177734375,2025-02-19T16:37:36.915Z,2025-02-19T16:37:49.740Z,2025-02-19T16:37:39.570Z,"ExecutionSpans([SliceSpan(<start='2025-02-19 16:37:39', stop='2025-02-19 16:37:48', size=4096>)])",9.113946
completed,343,9,1027,"[[""x"", 210], [""u"", 192], [""y"", 146], [""s"", 123], [""sdg"", 123], [""t"", 106], [""tdg"", 106], [""cx"", 9], [""h"", 8], [""measure"", 3], [""cz"", 1]]",3,503,ibm,dynamic_payload_gates,cyv0hvq4raf0008ejt90,ibm_kyiv,"{""000"": 368, ""011"": 596, ""110"": 455, ""101"": 615, ""100"": 567, ""001"": 428, ""010"": 646, ""111"": 421}",0.08984375,3.0,3.0,completed,0.08984375,2025-02-19T16:38:06.784Z,2025-02-19T16:38:19.897Z,2025-02-19T16:38:09.689Z,"ExecutionSpans([SliceSpan(<start='2025-02-19 16:38:10', stop='2025-02-19 16:38:19', size=4096>)])",8.900579
completed,345,9,1029,"[[""x"", 242], [""u"", 190], [""y"", 172], [""t"", 113], [""tdg"", 113], [""s"", 89], [""sdg"", 89], [""cx"", 9], [""h"", 8], [""measure"", 3], [""cz"", 1]]",3,504,ibm,dynamic_payload_gates,cyv0j484raf0008ejt9g,ibm_kyiv,"{""110"": 558, ""001"": 477, ""100"": 503, ""011"": 475, ""010"": 525, ""111"": 490, ""101"": 593, ""000"": 475}",0.115966796875,3.0,3.0,completed,0.115966796875,2025-02-19T16:38:41.696Z,2025-02-19T16:38:55.478Z,2025-02-19T16:38:44.272Z,"ExecutionSpans([SliceSpan(<start='2025-02-19 16:38:45', stop='2025-02-19 16:38:54', size=4096>)])",9.764471
completed,345,9,1031,"[[""y"", 212], [""u"", 208], [""x"", 192], [""t"", 100], [""tdg"", 100], [""s"", 99], [""sdg"", 99], [""cx"", 9], [""h"", 8], [""measure"", 3], [""cz"", 1]]",3,505,ibm,dynamic_payload_gates,cyv0jd9jj6dg008g49t0,ibm_kyiv,"{""001"": 580, ""011"": 681, ""111"": 458, ""000"": 597, ""100"": 376, ""110"": 389, ""101"": 396, ""010"": 619}",0.145751953125,3.0,3.0,completed,0.145751953125,2025-02-19T16:39:17.717Z,2025-02-19T16:39:35.135Z,2025-02-19T16:39:20.485Z,"ExecutionSpans([SliceSpan(<start='2025-02-19 16:39:21', stop='2025-02-19 16:39:34', size=4096>)])",13.484176
completed,261,11,1026,"[[""x"", 220], [""y"", 214], [""u"", 182], [""t"", 99], [""tdg"", 99], [""s"", 93], [""sdg"", 93], [""cx"", 11], [""h"", 10], [""measure"", 4], [""cz"", 1]]",4,500,ibm,dynamic_payload_gates,cyv0jpa4raf0008ejtag,ibm_kyiv,"{""1011"": 239, ""0111"": 242, ""0010"": 250, ""1101"": 252, ""1110"": 268, ""1111"": 261, ""1010"": 230, ""0110"": 254, ""0001"": 263, ""0101"": 284, ""1100"": 256, ""0000"": 258, ""0011"": 281, ""0100"": 265, ""1001"": 269, ""1000"": 224}",0.06298828125,3.0,3.0,completed,0.06298828125,2025-02-19T16:39:53.707Z,2025-02-19T16:40:06.635Z,2025-02-19T16:39:56.264Z,"ExecutionSpans([SliceSpan(<start='2025-02-19 16:39:56', stop='2025-02-19 16:40:05', size=4096>)])",9.172034
completed,261,11,1028,"[[""u"", 220], [""y"", 214], [""x"", 188], [""t"", 100], [""tdg"", 100], [""s"", 90], [""sdg"", 90], [""cx"", 11], [""h"", 10], [""measure"", 4], [""cz"", 1]]",4,501,ibm,dynamic_payload_gates,cyv0jzvjj6dg008g49tg,ibm_kyiv,"{""1110"": 231, ""1001"": 278, ""0011"": 212, ""1111"": 247, ""1101"": 233, ""1011"": 292, ""0101"": 253, ""1010"": 265, ""0100"": 264, ""0001"": 249, ""0111"": 229, ""1000"": 292, ""0000"": 266, ""0110"": 253, ""0010"": 268, ""1100"": 264}",0.06494140625,10.0,10.0,completed,0.06494140625,2025-02-19T16:40:31.804Z,2025-02-19T16:46:08.758Z,2025-02-19T16:40:34.420Z,"ExecutionSpans([SliceSpan(<start='2025-02-19 16:40:35', stop='2025-02-19 16:46:08', size=4096>)])",333.006206
completed,261,11,1030,"[[""x"", 220], [""u"", 208], [""y"", 188], [""t"", 99], [""tdg"", 99], [""s"", 95], [""sdg"", 95], [""cx"", 11], [""h"", 10], [""measure"", 4], [""cz"", 1]]",4,502,ibm,dynamic_payload_gates,cyv0nsq38jq0008xxxv0,ibm_kyiv,"{""1011"": 247, ""1010"": 229, ""1001"": 234, ""0001"": 260, ""0010"": 236, ""1110"": 222, ""0011"": 267, ""0111"": 279, ""1111"": 202, ""1101"": 216, ""0000"": 265, ""1000"": 290, ""0101"": 282, ""1100"": 214, ""0100"": 328, ""0110"": 325}",0.064697265625,3.0,3.0,completed,0.064697265625,2025-02-19T16:46:30.441Z,2025-02-19T16:46:43.674Z,2025-02-19T16:46:33.103Z,"ExecutionSpans([SliceSpan(<start='2025-02-19 16:46:33', stop='2025-02-19 16:46:42', size=4096>)])",9.358663
completed,261,11,1032,"[[""y"", 218], [""x"", 210], [""u"", 192], [""s"", 99], [""sdg"", 99], [""t"", 94], [""tdg"", 94], [""cx"", 11], [""h"", 10], [""measure"", 4], [""cz"", 1]]",4,503,ibm,dynamic_payload_gates,cyv0p2ry2gd0008865f0,ibm_kyiv,"{""0010"": 194, ""0001"": 239, ""1011"": 288, ""1010"": 283, ""1111"": 298, ""0011"": 249, ""1001"": 316, ""0100"": 186, ""1110"": 323, ""0000"": 210, ""0111"": 190, ""1000"": 337, ""1100"": 319, ""0110"": 179, ""1101"": 277, ""0101"": 208}",0.05126953125,3.0,3.0,completed,0.05126953125,2025-02-19T16:47:07.246Z,2025-02-19T16:47:20.604Z,2025-02-19T16:47:09.806Z,"ExecutionSpans([SliceSpan(<start='2025-02-19 16:47:10', stop='2025-02-19 16:47:19', size=4096>)])",9.409287
completed,263,11,1034,"[[""y"", 236], [""x"", 188], [""u"", 182], [""t"", 112], [""tdg"", 112], [""s"", 89], [""sdg"", 89], [""cx"", 11], [""h"", 10], [""measure"", 4], [""cz"", 1]]",4,504,ibm,dynamic_payload_gates,cyv0pbs38jq0008xxxz0,ibm_kyiv,"{""0010"": 273, ""1011"": 254, ""0110"": 265, ""0000"": 234, ""0101"": 273, ""1111"": 257, ""0011"": 267, ""1000"": 236, ""0111"": 278, ""1010"": 244, ""0100"": 221, ""1001"": 259, ""0001"": 258, ""1110"": 287, ""1101"": 245, ""1100"": 245}",0.05712890625,3.0,3.0,completed,0.05712890625,2025-02-19T16:47:44.109Z,2025-02-19T16:47:57.815Z,2025-02-19T16:47:46.788Z,"ExecutionSpans([SliceSpan(<start='2025-02-19 16:47:47', stop='2025-02-19 16:47:57', size=4096>)])",9.73074
completed,263,11,1036,"[[""x"", 224], [""y"", 210], [""u"", 182], [""s"", 122], [""sdg"", 122], [""t"", 75], [""tdg"", 75], [""cx"", 11], [""h"", 10], [""measure"", 4], [""cz"", 1]]",4,505,ibm,dynamic_payload_gates,cyv0pmjy2gd0008865k0,ibm_kyiv,"{""0000"": 327, ""0110"": 363, ""0011"": 305, ""1111"": 222, ""1001"": 210, ""0001"": 320, ""1100"": 181, ""1101"": 185, ""0101"": 308, ""0100"": 319, ""1011"": 194, ""0010"": 301, ""1010"": 173, ""0111"": 331, ""1000"": 186, ""1110"": 171}",0.079833984375,3.0,3.0,completed,0.079833984375,2025-02-19T16:48:18.297Z,2025-02-19T16:48:31.739Z,2025-02-19T16:48:21.110Z,"ExecutionSpans([SliceSpan(<start='2025-02-19 16:48:21', stop='2025-02-19 16:48:31', size=4096>)])",9.392715
completed,2005,5,2011,"[[""y"", 434], [""u"", 398], [""x"", 368], [""s"", 216], [""sdg"", 216], [""t"", 184], [""tdg"", 184], [""cx"", 5], [""h"", 4], [""cz"", 1], [""measure"", 1]]",1,1000,ibm,dynamic_payload_gates,cyv0qyfjj6dg008g4aa0,ibm_kyiv,"{""1"": 2387, ""0"": 1709}",0.417236328125,3.0,3.0,completed,0.417236328125,2025-02-19T16:51:05.210Z,2025-02-19T16:52:14.256Z,2025-02-19T16:51:07.858Z,"ExecutionSpans([SliceSpan(<start='2025-02-19 16:51:08', stop='2025-02-19 16:52:13', size=4096>)])",64.979758
completed,2007,5,2013,"[[""u"", 430], [""x"", 398], [""y"", 366], [""s"", 208], [""sdg"", 208], [""t"", 196], [""tdg"", 196], [""cx"", 5], [""h"", 4], [""cz"", 1], [""measure"", 1]]",1,1001,ibm,dynamic_payload_gates,cyv0rkt38jq0008xxyb0,ibm_kyiv,"{""0"": 1714, ""1"": 2382}",0.41845703125,3.0,3.0,completed,0.41845703125,2025-02-19T16:52:31.521Z,2025-02-19T16:52:44.977Z,2025-02-19T16:52:34.236Z,"ExecutionSpans([SliceSpan(<start='2025-02-19 16:52:34', stop='2025-02-19 16:52:44', size=4096>)])",9.268178
completed,2009,5,2015,"[[""x"", 488], [""y"", 416], [""u"", 366], [""s"", 185], [""sdg"", 185], [""t"", 182], [""tdg"", 182], [""cx"", 5], [""h"", 4], [""cz"", 1], [""measure"", 1]]",1,1002,ibm,dynamic_payload_gates,cyv0rx3y2gd0008865w0,ibm_kyiv,"{""1"": 2101, ""0"": 1995}",0.487060546875,3.0,3.0,completed,0.487060546875,2025-02-19T16:53:08.733Z,2025-02-19T16:53:22.937Z,2025-02-19T16:53:11.604Z,"ExecutionSpans([SliceSpan(<start='2025-02-19 16:53:12', stop='2025-02-19 16:53:22', size=4096>)])",10.014541
completed,2011,5,2017,"[[""y"", 446], [""x"", 402], [""u"", 366], [""t"", 224], [""tdg"", 224], [""s"", 172], [""sdg"", 172], [""cx"", 5], [""h"", 4], [""cz"", 1], [""measure"", 1]]",1,1003,ibm,dynamic_payload_gates,cyv0s6478z600082q3m0,ibm_kyiv,"{""1"": 2262, ""0"": 1834}",0.44775390625,3.0,3.0,completed,0.44775390625,2025-02-19T16:53:44.369Z,2025-02-19T16:53:58.148Z,2025-02-19T16:53:47.125Z,"ExecutionSpans([SliceSpan(<start='2025-02-19 16:53:47', stop='2025-02-19 16:53:57', size=4096>)])",9.68855
completed,2013,5,2019,"[[""x"", 446], [""y"", 386], [""u"", 350], [""t"", 220], [""tdg"", 220], [""s"", 193], [""sdg"", 193], [""cx"", 5], [""h"", 4], [""cz"", 1], [""measure"", 1]]",1,1004,ibm,dynamic_payload_gates,cyv0sex4raf0008ejv60,ibm_kyiv,"{""0"": 1975, ""1"": 2121}",0.482177734375,3.0,3.0,completed,0.482177734375,2025-02-19T16:54:19.932Z,2025-02-19T16:54:33.396Z,2025-02-19T16:54:22.542Z,"ExecutionSpans([SliceSpan(<start='2025-02-19 16:54:23', stop='2025-02-19 16:54:32', size=4096>)])",9.415434
completed,2015,5,2021,"[[""y"", 394], [""u"", 380], [""x"", 358], [""t"", 223], [""tdg"", 223], [""s"", 216], [""sdg"", 216], [""cx"", 5], [""h"", 4], [""cz"", 1], [""measure"", 1]]",1,1005,ibm,dynamic_payload_gates,cyv0sqpjj6dg008g4ang,ibm_kyiv,"{""0"": 1907, ""1"": 2189}",0.465576171875,3.0,3.0,completed,0.465576171875,2025-02-19T16:54:54.685Z,2025-02-19T16:55:09.373Z,2025-02-19T16:54:57.274Z,"ExecutionSpans([SliceSpan(<start='2025-02-19 16:54:58', stop='2025-02-19 16:55:08', size=4096>)])",10.318361
completed,1007,7,2016,"[[""y"", 414], [""u"", 404], [""x"", 342], [""t"", 221], [""tdg"", 221], [""s"", 199], [""sdg"", 199], [""cx"", 7], [""h"", 6], [""measure"", 2], [""cz"", 1]]",2,1000,ibm,dynamic_payload_gates,cyv0t0878z600082q3wg,ibm_kyiv,"{""11"": 1040, ""00"": 1227, ""10"": 1047, ""01"": 782}",0.299560546875,3.0,3.0,completed,0.299560546875,2025-02-19T16:55:30.046Z,2025-02-19T16:55:43.985Z,2025-02-19T16:55:32.632Z,"ExecutionSpans([SliceSpan(<start='2025-02-19 16:55:33', stop='2025-02-19 16:55:43', size=4096>)])",9.859298
completed,1007,7,2018,"[[""u"", 430], [""x"", 404], [""y"", 368], [""t"", 204], [""tdg"", 204], [""s"", 196], [""sdg"", 196], [""cx"", 7], [""h"", 6], [""measure"", 2], [""cz"", 1]]",2,1001,ibm,dynamic_payload_gates,cyv0t9h4raf0008ejv70,ibm_kyiv,"{""11"": 943, ""00"": 1094, ""10"": 971, ""01"": 1088}",0.26708984375,3.0,3.0,completed,0.26708984375,2025-02-19T16:56:06.495Z,2025-02-19T16:56:19.343Z,2025-02-19T16:56:09.102Z,"ExecutionSpans([SliceSpan(<start='2025-02-19 16:56:09', stop='2025-02-19 16:56:18', size=4096>)])",8.855899
completed,1009,7,2020,"[[""u"", 432], [""y"", 420], [""x"", 390], [""t"", 208], [""tdg"", 208], [""s"", 173], [""sdg"", 173], [""cx"", 7], [""h"", 6], [""measure"", 2], [""cz"", 1]]",2,1002,ibm,dynamic_payload_gates,cyv0tjtjj6dg008g4aqg,ibm_kyiv,"{""01"": 975, ""11"": 956, ""00"": 1180, ""10"": 985}",0.2880859375,3.0,3.0,completed,0.2880859375,2025-02-19T16:56:43.797Z,2025-02-19T16:56:58.074Z,2025-02-19T16:56:46.593Z,"ExecutionSpans([SliceSpan(<start='2025-02-19 16:56:47', stop='2025-02-19 16:56:57', size=4096>)])",9.767513
completed,1009,7,2022,"[[""u"", 440], [""x"", 380], [""y"", 378], [""t"", 205], [""tdg"", 205], [""s"", 199], [""sdg"", 199], [""cx"", 7], [""h"", 6], [""measure"", 2], [""cz"", 1]]",2,1003,ibm,dynamic_payload_gates,cyv0tw378z600082q3z0,ibm_kyiv,"{""00"": 1314, ""11"": 1009, ""01"": 945, ""10"": 828}",0.32080078125,4.0,4.0,completed,0.32080078125,2025-02-19T16:57:20.802Z,2025-02-19T16:57:36.690Z,2025-02-19T16:57:23.896Z,"ExecutionSpans([SliceSpan(<start='2025-02-19 16:57:24', stop='2025-02-19 16:57:35', size=4096>)])",11.289897
completed,1011,7,2024,"[[""u"", 404], [""x"", 398], [""y"", 384], [""t"", 222], [""tdg"", 222], [""s"", 189], [""sdg"", 189], [""cx"", 7], [""h"", 6], [""measure"", 2], [""cz"", 1]]",2,1004,ibm,dynamic_payload_gates,cyv0v6mjj6dg008g4as0,ibm_kyiv,"{""00"": 1183, ""11"": 1137, ""10"": 879, ""01"": 897}",0.288818359375,3.0,3.0,completed,0.288818359375,2025-02-19T16:58:02.955Z,2025-02-19T16:58:17.163Z,2025-02-19T16:58:05.586Z,"ExecutionSpans([SliceSpan(<start='2025-02-19 16:58:06', stop='2025-02-19 16:58:16', size=4096>)])",10.047776
completed,1011,7,2026,"[[""x"", 498], [""y"", 434], [""u"", 396], [""t"", 176], [""tdg"", 176], [""s"", 165], [""sdg"", 165], [""cx"", 7], [""h"", 6], [""measure"", 2], [""cz"", 1]]",2,1005,ibm,dynamic_payload_gates,cyv0vfnjj6dg008g4at0,ibm_kyiv,"{""11"": 1092, ""10"": 1136, ""00"": 1082, ""01"": 786}",0.26416015625,3.0,3.0,completed,0.26416015625,2025-02-19T16:58:38.460Z,2025-02-19T16:58:52.453Z,2025-02-19T16:58:41.270Z,"ExecutionSpans([SliceSpan(<start='2025-02-19 16:58:42', stop='2025-02-19 16:58:51', size=4096>)])",9.789959
completed,675,9,2021,"[[""x"", 436], [""y"", 402], [""u"", 374], [""s"", 208], [""sdg"", 208], [""t"", 186], [""tdg"", 186], [""cx"", 9], [""h"", 8], [""measure"", 3], [""cz"", 1]]",3,1000,ibm,dynamic_payload_gates,cyv0vrzq5bwg0083p07g,ibm_kyiv,"{""001"": 615, ""100"": 412, ""010"": 616, ""110"": 369, ""000"": 650, ""111"": 396, ""011"": 620, ""101"": 418}",0.15869140625,3.0,3.0,completed,0.15869140625,2025-02-19T16:59:15.569Z,2025-02-19T16:59:29.014Z,2025-02-19T16:59:18.227Z,"ExecutionSpans([SliceSpan(<start='2025-02-19 16:59:19', stop='2025-02-19 16:59:28', size=4096>)])",9.200764
completed,675,9,2023,"[[""x"", 488], [""y"", 376], [""u"", 364], [""t"", 204], [""tdg"", 204], [""s"", 183], [""sdg"", 183], [""cx"", 9], [""h"", 8], [""measure"", 3], [""cz"", 1]]",3,1001,ibm,dynamic_payload_gates,cyv0w2878z600082q42g,ibm_kyiv,"{""110"": 565, ""001"": 461, ""000"": 525, ""111"": 448, ""011"": 485, ""010"": 569, ""101"": 482, ""100"": 561}",0.128173828125,3.0,3.0,completed,0.128173828125,2025-02-19T16:59:53.641Z,2025-02-19T17:00:07.078Z,2025-02-19T16:59:56.191Z,"ExecutionSpans([SliceSpan(<start='2025-02-19 16:59:56', stop='2025-02-19 17:00:06', size=4096>)])",9.418301
completed,677,9,2025,"[[""u"", 458], [""x"", 402], [""y"", 376], [""s"", 195], [""sdg"", 195], [""t"", 189], [""tdg"", 189], [""cx"", 9], [""h"", 8], [""measure"", 3], [""cz"", 1]]",3,1002,ibm,dynamic_payload_gates,cyv0wb94raf0008ejvdg,ibm_kyiv,"{""001"": 500, ""011"": 530, ""010"": 485, ""000"": 490, ""101"": 474, ""110"": 547, ""100"": 564, ""111"": 506}",0.11962890625,3.0,3.0,completed,0.11962890625,2025-02-19T17:00:30.034Z,2025-02-19T17:00:43.808Z,2025-02-19T17:00:32.575Z,"ExecutionSpans([SliceSpan(<start='2025-02-19 17:00:33', stop='2025-02-19 17:00:43', size=4096>)])",9.764844
completed,677,9,2027,"[[""y"", 400], [""x"", 384], [""u"", 358], [""s"", 216], [""t"", 216], [""sdg"", 216], [""tdg"", 216], [""cx"", 9], [""h"", 8], [""measure"", 3], [""cz"", 1]]",3,1003,ibm,dynamic_payload_gates,cyv0wnay2gd0008866a0,ibm_kyiv,"{""101"": 347, ""010"": 680, ""111"": 400, ""001"": 679, ""110"": 377, ""000"": 619, ""011"": 604, ""100"": 390}",0.151123046875,3.0,3.0,completed,0.151123046875,2025-02-19T17:01:09.293Z,2025-02-19T17:03:19.396Z,2025-02-19T17:02:06.930Z,"ExecutionSpans([SliceSpan(<start='2025-02-19 17:02:07', stop='2025-02-19 17:03:18', size=4096>)])",70.924517
completed,677,9,2029,"[[""y"", 424], [""x"", 418], [""u"", 404], [""s"", 199], [""sdg"", 199], [""t"", 182], [""tdg"", 182], [""cx"", 9], [""h"", 8], [""measure"", 3], [""cz"", 1]]",3,1004,ibm,dynamic_payload_gates,cyv0xv7y2gd0008866dg,ibm_kyiv,"{""100"": 535, ""011"": 580, ""111"": 417, ""000"": 511, ""110"": 403, ""001"": 553, ""101"": 524, ""010"": 573}",0.124755859375,3.0,3.0,completed,0.124755859375,2025-02-19T17:03:41.000Z,2025-02-19T17:03:54.675Z,2025-02-19T17:03:43.703Z,"ExecutionSpans([SliceSpan(<start='2025-02-19 17:03:44', stop='2025-02-19 17:03:54', size=4096>)])",9.680037
completed,679,9,2031,"[[""x"", 422], [""u"", 386], [""y"", 386], [""t"", 206], [""tdg"", 206], [""s"", 202], [""sdg"", 202], [""cx"", 9], [""h"", 8], [""measure"", 3], [""cz"", 1]]",3,1005,ibm,dynamic_payload_gates,cyv0y48q5bwg0083p0g0,ibm_kyiv,"{""010"": 451, ""011"": 499, ""001"": 423, ""100"": 601, ""000"": 440, ""101"": 553, ""111"": 593, ""110"": 536}",0.107421875,3.0,3.0,completed,0.107421875,2025-02-19T17:04:18.089Z,2025-02-19T17:04:32.136Z,2025-02-19T17:04:21.016Z,"ExecutionSpans([SliceSpan(<start='2025-02-19 17:04:21', stop='2025-02-19 17:04:31', size=4096>)])",9.754837
completed,511,11,2026,"[[""u"", 414], [""x"", 398], [""y"", 374], [""t"", 208], [""tdg"", 208], [""s"", 199], [""sdg"", 199], [""cx"", 11], [""h"", 10], [""measure"", 4], [""cz"", 1]]",4,1000,ibm,dynamic_payload_gates,cyv0ydh78z600082q470,ibm_kyiv,"{""0111"": 351, ""0100"": 352, ""0010"": 349, ""0011"": 379, ""0001"": 323, ""1110"": 176, ""1010"": 158, ""0101"": 285, ""0110"": 329, ""0000"": 304, ""1101"": 194, ""1000"": 206, ""1001"": 165, ""1011"": 185, ""1100"": 159, ""1111"": 181}",0.07421875,3.0,3.0,completed,0.07421875,2025-02-19T17:04:54.665Z,2025-02-19T17:05:07.844Z,2025-02-19T17:04:57.254Z,"ExecutionSpans([SliceSpan(<start='2025-02-19 17:04:57', stop='2025-02-19 17:05:07', size=4096>)])",9.162699
completed,511,11,2028,"[[""x"", 430], [""y"", 406], [""u"", 352], [""t"", 221], [""tdg"", 221], [""s"", 186], [""sdg"", 186], [""cx"", 11], [""h"", 10], [""measure"", 4], [""cz"", 1]]",4,1001,ibm,dynamic_payload_gates,cyv0ypt4raf0008ejvk0,ibm_kyiv,"{""1111"": 332, ""1000"": 244, ""1101"": 267, ""0011"": 251, ""1110"": 302, ""1001"": 269, ""1011"": 304, ""0010"": 218, ""1010"": 277, ""0111"": 248, ""0100"": 238, ""0101"": 224, ""0001"": 201, ""1100"": 242, ""0000"": 237, ""0110"": 242}",0.057861328125,3.0,3.0,completed,0.057861328125,2025-02-19T17:05:31.368Z,2025-02-19T17:05:44.848Z,2025-02-19T17:05:34.104Z,"ExecutionSpans([SliceSpan(<start='2025-02-19 17:05:34', stop='2025-02-19 17:05:44', size=4096>)])",9.436372
completed,511,11,2030,"[[""y"", 412], [""x"", 408], [""u"", 402], [""t"", 207], [""tdg"", 207], [""s"", 184], [""sdg"", 184], [""cx"", 11], [""h"", 10], [""measure"", 4], [""cz"", 1]]",4,1002,ibm,dynamic_payload_gates,cyv0yzb78z600082q480,ibm_kyiv,"{""0010"": 283, ""1001"": 197, ""1100"": 182, ""0100"": 313, ""0110"": 296, ""1111"": 218, ""1000"": 178, ""1010"": 193, ""1101"": 210, ""0101"": 401, ""0000"": 275, ""1011"": 196, ""0111"": 302, ""1110"": 176, ""0001"": 364, ""0011"": 312}",0.067138671875,3.0,3.0,completed,0.067138671875,2025-02-19T17:06:05.534Z,2025-02-19T17:06:19.455Z,2025-02-19T17:06:08.227Z,"ExecutionSpans([SliceSpan(<start='2025-02-19 17:06:08', stop='2025-02-19 17:06:18', size=4096>)])",9.750187
completed,511,11,2032,"[[""u"", 430], [""y"", 400], [""x"", 374], [""s"", 207], [""sdg"", 207], [""t"", 194], [""tdg"", 194], [""cx"", 11], [""h"", 10], [""measure"", 4], [""cz"", 1]]",4,1003,ibm,dynamic_payload_gates,cyv0z8d38jq0008xxyyg,ibm_kyiv,"{""0101"": 247, ""1010"": 260, ""0110"": 303, ""0010"": 262, ""0001"": 253, ""1011"": 239, ""1100"": 245, ""1111"": 295, ""1000"": 242, ""1101"": 243, ""0011"": 229, ""1110"": 257, ""1001"": 268, ""0000"": 245, ""0111"": 270, ""0100"": 238}",0.059814453125,3.0,3.0,completed,0.059814453125,2025-02-19T17:06:41.538Z,2025-02-19T17:07:00.629Z,2025-02-19T17:06:45.064Z,"ExecutionSpans([SliceSpan(<start='2025-02-19 17:06:45', stop='2025-02-19 17:06:59', size=4096>)])",14.134358
completed,513,11,2034,"[[""x"", 422], [""u"", 418], [""y"", 412], [""t"", 197], [""tdg"", 197], [""s"", 181], [""sdg"", 181], [""cx"", 11], [""h"", 10], [""measure"", 4], [""cz"", 1]]",4,1004,ibm,dynamic_payload_gates,cyv0zke38jq0008xxz00,ibm_kyiv,"{""1110"": 256, ""1011"": 251, ""1001"": 220, ""0000"": 262, ""0100"": 262, ""0001"": 262, ""1100"": 251, ""0111"": 298, ""1101"": 213, ""0101"": 251, ""1000"": 218, ""0110"": 244, ""0010"": 290, ""1010"": 260, ""1111"": 265, ""0011"": 293}",0.06396484375,3.0,3.0,completed,0.06396484375,2025-02-19T17:07:25.852Z,2025-02-19T17:07:39.724Z,2025-02-19T17:07:28.617Z,"ExecutionSpans([SliceSpan(<start='2025-02-19 17:07:29', stop='2025-02-19 17:07:39', size=4096>)])",9.713224
completed,513,11,2036,"[[""x"", 400], [""u"", 398], [""y"", 390], [""s"", 215], [""sdg"", 215], [""t"", 196], [""tdg"", 196], [""cx"", 11], [""h"", 10], [""measure"", 4], [""cz"", 1]]",4,1005,ibm,dynamic_payload_gates,cyv0zwqjj6dg008g4b1g,ibm_kyiv,"{""1100"": 252, ""0011"": 267, ""1110"": 270, ""0110"": 236, ""1101"": 237, ""1000"": 276, ""1001"": 247, ""1111"": 239, ""0010"": 245, ""0000"": 257, ""1010"": 270, ""0001"": 239, ""0100"": 265, ""1011"": 245, ""0111"": 273, ""0101"": 278}",0.062744140625,3.0,3.0,completed,0.062744140625,2025-02-19T17:08:02.187Z,2025-02-19T17:08:15.775Z,2025-02-19T17:08:04.843Z,"ExecutionSpans([SliceSpan(<start='2025-02-19 17:08:05', stop='2025-02-19 17:08:15', size=4096>)])",9.668395
completed,2005,5,2011,"[[""y"", 434], [""u"", 398], [""x"", 368], [""s"", 216], [""sdg"", 216], [""t"", 184], [""tdg"", 184], [""cx"", 5], [""h"", 4], [""cz"", 1], [""measure"", 1]]",1,1000,ibm,dynamic_payload_gates,cyv0qyfjj6dg008g4aa0,ibm_kyiv,"{""1"": 2387, ""0"": 1709}",0.417236328125,3.0,3.0,completed,0.417236328125,2025-02-19T16:51:05.210Z,2025-02-19T16:52:14.256Z,2025-02-19T16:51:07.858Z,"ExecutionSpans([SliceSpan(<start='2025-02-19 16:51:08', stop='2025-02-19 16:52:13', size=4096>)])",64.979758
completed,2007,5,2013,"[[""u"", 430], [""x"", 398], [""y"", 366], [""s"", 208], [""sdg"", 208], [""t"", 196], [""tdg"", 196], [""cx"", 5], [""h"", 4], [""cz"", 1], [""measure"", 1]]",1,1001,ibm,dynamic_payload_gates,cyv0rkt38jq0008xxyb0,ibm_kyiv,"{""0"": 1714, ""1"": 2382}",0.41845703125,3.0,3.0,completed,0.41845703125,2025-02-19T16:52:31.521Z,2025-02-19T16:52:44.977Z,2025-02-19T16:52:34.236Z,"ExecutionSpans([SliceSpan(<start='2025-02-19 16:52:34', stop='2025-02-19 16:52:44', size=4096>)])",9.268178
completed,2009,5,2015,"[[""x"", 488], [""y"", 416], [""u"", 366], [""s"", 185], [""sdg"", 185], [""t"", 182], [""tdg"", 182], [""cx"", 5], [""h"", 4], [""cz"", 1], [""measure"", 1]]",1,1002,ibm,dynamic_payload_gates,cyv0rx3y2gd0008865w0,ibm_kyiv,"{""1"": 2101, ""0"": 1995}",0.487060546875,3.0,3.0,completed,0.487060546875,2025-02-19T16:53:08.733Z,2025-02-19T16:53:22.937Z,2025-02-19T16:53:11.604Z,"ExecutionSpans([SliceSpan(<start='2025-02-19 16:53:12', stop='2025-02-19 16:53:22', size=4096>)])",10.014541
completed,2011,5,2017,"[[""y"", 446], [""x"", 402], [""u"", 366], [""t"", 224], [""tdg"", 224], [""s"", 172], [""sdg"", 172], [""cx"", 5], [""h"", 4], [""cz"", 1], [""measure"", 1]]",1,1003,ibm,dynamic_payload_gates,cyv0s6478z600082q3m0,ibm_kyiv,"{""1"": 2262, ""0"": 1834}",0.44775390625,3.0,3.0,completed,0.44775390625,2025-02-19T16:53:44.369Z,2025-02-19T16:53:58.148Z,2025-02-19T16:53:47.125Z,"ExecutionSpans([SliceSpan(<start='2025-02-19 16:53:47', stop='2025-02-19 16:53:57', size=4096>)])",9.68855
completed,2013,5,2019,"[[""x"", 446], [""y"", 386], [""u"", 350], [""t"", 220], [""tdg"", 220], [""s"", 193], [""sdg"", 193], [""cx"", 5], [""h"", 4], [""cz"", 1], [""measure"", 1]]",1,1004,ibm,dynamic_payload_gates,cyv0sex4raf0008ejv60,ibm_kyiv,"{""0"": 1975, ""1"": 2121}",0.482177734375,3.0,3.0,completed,0.482177734375,2025-02-19T16:54:19.932Z,2025-02-19T16:54:33.396Z,2025-02-19T16:54:22.542Z,"ExecutionSpans([SliceSpan(<start='2025-02-19 16:54:23', stop='2025-02-19 16:54:32', size=4096>)])",9.415434
completed,2015,5,2021,"[[""y"", 394], [""u"", 380], [""x"", 358], [""t"", 223], [""tdg"", 223], [""s"", 216], [""sdg"", 216], [""cx"", 5], [""h"", 4], [""cz"", 1], [""measure"", 1]]",1,1005,ibm,dynamic_payload_gates,cyv0sqpjj6dg008g4ang,ibm_kyiv,"{""0"": 1907, ""1"": 2189}",0.465576171875,3.0,3.0,completed,0.465576171875,2025-02-19T16:54:54.685Z,2025-02-19T16:55:09.373Z,2025-02-19T16:54:57.274Z,"ExecutionSpans([SliceSpan(<start='2025-02-19 16:54:58', stop='2025-02-19 16:55:08', size=4096>)])",10.318361
completed,1007,7,2016,"[[""y"", 414], [""u"", 404], [""x"", 342], [""t"", 221], [""tdg"", 221], [""s"", 199], [""sdg"", 199], [""cx"", 7], [""h"", 6], [""measure"", 2], [""cz"", 1]]",2,1000,ibm,dynamic_payload_gates,cyv0t0878z600082q3wg,ibm_kyiv,"{""11"": 1040, ""00"": 1227, ""10"": 1047, ""01"": 782}",0.299560546875,3.0,3.0,completed,0.299560546875,2025-02-19T16:55:30.046Z,2025-02-19T16:55:43.985Z,2025-02-19T16:55:32.632Z,"ExecutionSpans([SliceSpan(<start='2025-02-19 16:55:33', stop='2025-02-19 16:55:43', size=4096>)])",9.859298
completed,1007,7,2018,"[[""u"", 430], [""x"", 404], [""y"", 368], [""t"", 204], [""tdg"", 204], [""s"", 196], [""sdg"", 196], [""cx"", 7], [""h"", 6], [""measure"", 2], [""cz"", 1]]",2,1001,ibm,dynamic_payload_gates,cyv0t9h4raf0008ejv70,ibm_kyiv,"{""11"": 943, ""00"": 1094, ""10"": 971, ""01"": 1088}",0.26708984375,3.0,3.0,completed,0.26708984375,2025-02-19T16:56:06.495Z,2025-02-19T16:56:19.343Z,2025-02-19T16:56:09.102Z,"ExecutionSpans([SliceSpan(<start='2025-02-19 16:56:09', stop='2025-02-19 16:56:18', size=4096>)])",8.855899
completed,1009,7,2020,"[[""u"", 432], [""y"", 420], [""x"", 390], [""t"", 208], [""tdg"", 208], [""s"", 173], [""sdg"", 173], [""cx"", 7], [""h"", 6], [""measure"", 2], [""cz"", 1]]",2,1002,ibm,dynamic_payload_gates,cyv0tjtjj6dg008g4aqg,ibm_kyiv,"{""01"": 975, ""11"": 956, ""00"": 1180, ""10"": 985}",0.2880859375,3.0,3.0,completed,0.2880859375,2025-02-19T16:56:43.797Z,2025-02-19T16:56:58.074Z,2025-02-19T16:56:46.593Z,"ExecutionSpans([SliceSpan(<start='2025-02-19 16:56:47', stop='2025-02-19 16:56:57', size=4096>)])",9.767513
completed,1009,7,2022,"[[""u"", 440], [""x"", 380], [""y"", 378], [""t"", 205], [""tdg"", 205], [""s"", 199], [""sdg"", 199], [""cx"", 7], [""h"", 6], [""measure"", 2], [""cz"", 1]]",2,1003,ibm,dynamic_payload_gates,cyv0tw378z600082q3z0,ibm_kyiv,"{""00"": 1314, ""11"": 1009, ""01"": 945, ""10"": 828}",0.32080078125,4.0,4.0,completed,0.32080078125,2025-02-19T16:57:20.802Z,2025-02-19T16:57:36.690Z,2025-02-19T16:57:23.896Z,"ExecutionSpans([SliceSpan(<start='2025-02-19 16:57:24', stop='2025-02-19 16:57:35', size=4096>)])",11.289897
completed,1011,7,2024,"[[""u"", 404], [""x"", 398], [""y"", 384], [""t"", 222], [""tdg"", 222], [""s"", 189], [""sdg"", 189], [""cx"", 7], [""h"", 6], [""measure"", 2], [""cz"", 1]]",2,1004,ibm,dynamic_payload_gates,cyv0v6mjj6dg008g4as0,ibm_kyiv,"{""00"": 1183, ""11"": 1137, ""10"": 879, ""01"": 897}",0.288818359375,3.0,3.0,completed,0.288818359375,2025-02-19T16:58:02.955Z,2025-02-19T16:58:17.163Z,2025-02-19T16:58:05.586Z,"ExecutionSpans([SliceSpan(<start='2025-02-19 16:58:06', stop='2025-02-19 16:58:16', size=4096>)])",10.047776
completed,1011,7,2026,"[[""x"", 498], [""y"", 434], [""u"", 396], [""t"", 176], [""tdg"", 176], [""s"", 165], [""sdg"", 165], [""cx"", 7], [""h"", 6], [""measure"", 2], [""cz"", 1]]",2,1005,ibm,dynamic_payload_gates,cyv0vfnjj6dg008g4at0,ibm_kyiv,"{""11"": 1092, ""10"": 1136, ""00"": 1082, ""01"": 786}",0.26416015625,3.0,3.0,completed,0.26416015625,2025-02-19T16:58:38.460Z,2025-02-19T16:58:52.453Z,2025-02-19T16:58:41.270Z,"ExecutionSpans([SliceSpan(<start='2025-02-19 16:58:42', stop='2025-02-19 16:58:51', size=4096>)])",9.789959
completed,675,9,2021,"[[""x"", 436], [""y"", 402], [""u"", 374], [""s"", 208], [""sdg"", 208], [""t"", 186], [""tdg"", 186], [""cx"", 9], [""h"", 8], [""measure"", 3], [""cz"", 1]]",3,1000,ibm,dynamic_payload_gates,cyv0vrzq5bwg0083p07g,ibm_kyiv,"{""001"": 615, ""100"": 412, ""010"": 616, ""110"": 369, ""000"": 650, ""111"": 396, ""011"": 620, ""101"": 418}",0.15869140625,3.0,3.0,completed,0.15869140625,2025-02-19T16:59:15.569Z,2025-02-19T16:59:29.014Z,2025-02-19T16:59:18.227Z,"ExecutionSpans([SliceSpan(<start='2025-02-19 16:59:19', stop='2025-02-19 16:59:28', size=4096>)])",9.200764
completed,675,9,2023,"[[""x"", 488], [""y"", 376], [""u"", 364], [""t"", 204], [""tdg"", 204], [""s"", 183], [""sdg"", 183], [""cx"", 9], [""h"", 8], [""measure"", 3], [""cz"", 1]]",3,1001,ibm,dynamic_payload_gates,cyv0w2878z600082q42g,ibm_kyiv,"{""110"": 565, ""001"": 461, ""000"": 525, ""111"": 448, ""011"": 485, ""010"": 569, ""101"": 482, ""100"": 561}",0.128173828125,3.0,3.0,completed,0.128173828125,2025-02-19T16:59:53.641Z,2025-02-19T17:00:07.078Z,2025-02-19T16:59:56.191Z,"ExecutionSpans([SliceSpan(<start='2025-02-19 16:59:56', stop='2025-02-19 17:00:06', size=4096>)])",9.418301
completed,677,9,2025,"[[""u"", 458], [""x"", 402], [""y"", 376], [""s"", 195], [""sdg"", 195], [""t"", 189], [""tdg"", 189], [""cx"", 9], [""h"", 8], [""measure"", 3], [""cz"", 1]]",3,1002,ibm,dynamic_payload_gates,cyv0wb94raf0008ejvdg,ibm_kyiv,"{""001"": 500, ""011"": 530, ""010"": 485, ""000"": 490, ""101"": 474, ""110"": 547, ""100"": 564, ""111"": 506}",0.11962890625,3.0,3.0,completed,0.11962890625,2025-02-19T17:00:30.034Z,2025-02-19T17:00:43.808Z,2025-02-19T17:00:32.575Z,"ExecutionSpans([SliceSpan(<start='2025-02-19 17:00:33', stop='2025-02-19 17:00:43', size=4096>)])",9.764844
completed,677,9,2027,"[[""y"", 400], [""x"", 384], [""u"", 358], [""s"", 216], [""t"", 216], [""sdg"", 216], [""tdg"", 216], [""cx"", 9], [""h"", 8], [""measure"", 3], [""cz"", 1]]",3,1003,ibm,dynamic_payload_gates,cyv0wnay2gd0008866a0,ibm_kyiv,"{""101"": 347, ""010"": 680, ""111"": 400, ""001"": 679, ""110"": 377, ""000"": 619, ""011"": 604, ""100"": 390}",0.151123046875,3.0,3.0,completed,0.151123046875,2025-02-19T17:01:09.293Z,2025-02-19T17:03:19.396Z,2025-02-19T17:02:06.930Z,"ExecutionSpans([SliceSpan(<start='2025-02-19 17:02:07', stop='2025-02-19 17:03:18', size=4096>)])",70.924517
completed,677,9,2029,"[[""y"", 424], [""x"", 418], [""u"", 404], [""s"", 199], [""sdg"", 199], [""t"", 182], [""tdg"", 182], [""cx"", 9], [""h"", 8], [""measure"", 3], [""cz"", 1]]",3,1004,ibm,dynamic_payload_gates,cyv0xv7y2gd0008866dg,ibm_kyiv,"{""100"": 535, ""011"": 580, ""111"": 417, ""000"": 511, ""110"": 403, ""001"": 553, ""101"": 524, ""010"": 573}",0.124755859375,3.0,3.0,completed,0.124755859375,2025-02-19T17:03:41.000Z,2025-02-19T17:03:54.675Z,2025-02-19T17:03:43.703Z,"ExecutionSpans([SliceSpan(<start='2025-02-19 17:03:44', stop='2025-02-19 17:03:54', size=4096>)])",9.680037
completed,679,9,2031,"[[""x"", 422], [""u"", 386], [""y"", 386], [""t"", 206], [""tdg"", 206], [""s"", 202], [""sdg"", 202], [""cx"", 9], [""h"", 8], [""measure"", 3], [""cz"", 1]]",3,1005,ibm,dynamic_payload_gates,cyv0y48q5bwg0083p0g0,ibm_kyiv,"{""010"": 451, ""011"": 499, ""001"": 423, ""100"": 601, ""000"": 440, ""101"": 553, ""111"": 593, ""110"": 536}",0.107421875,3.0,3.0,completed,0.107421875,2025-02-19T17:04:18.089Z,2025-02-19T17:04:32.136Z,2025-02-19T17:04:21.016Z,"ExecutionSpans([SliceSpan(<start='2025-02-19 17:04:21', stop='2025-02-19 17:04:31', size=4096>)])",9.754837
completed,511,11,2026,"[[""u"", 414], [""x"", 398], [""y"", 374], [""t"", 208], [""tdg"", 208], [""s"", 199], [""sdg"", 199], [""cx"", 11], [""h"", 10], [""measure"", 4], [""cz"", 1]]",4,1000,ibm,dynamic_payload_gates,cyv0ydh78z600082q470,ibm_kyiv,"{""0111"": 351, ""0100"": 352, ""0010"": 349, ""0011"": 379, ""0001"": 323, ""1110"": 176, ""1010"": 158, ""0101"": 285, ""0110"": 329, ""0000"": 304, ""1101"": 194, ""1000"": 206, ""1001"": 165, ""1011"": 185, ""1100"": 159, ""1111"": 181}",0.07421875,3.0,3.0,completed,0.07421875,2025-02-19T17:04:54.665Z,2025-02-19T17:05:07.844Z,2025-02-19T17:04:57.254Z,"ExecutionSpans([SliceSpan(<start='2025-02-19 17:04:57', stop='2025-02-19 17:05:07', size=4096>)])",9.162699
completed,511,11,2028,"[[""x"", 430], [""y"", 406], [""u"", 352], [""t"", 221], [""tdg"", 221], [""s"", 186], [""sdg"", 186], [""cx"", 11], [""h"", 10], [""measure"", 4], [""cz"", 1]]",4,1001,ibm,dynamic_payload_gates,cyv0ypt4raf0008ejvk0,ibm_kyiv,"{""1111"": 332, ""1000"": 244, ""1101"": 267, ""0011"": 251, ""1110"": 302, ""1001"": 269, ""1011"": 304, ""0010"": 218, ""1010"": 277, ""0111"": 248, ""0100"": 238, ""0101"": 224, ""0001"": 201, ""1100"": 242, ""0000"": 237, ""0110"": 242}",0.057861328125,3.0,3.0,completed,0.057861328125,2025-02-19T17:05:31.368Z,2025-02-19T17:05:44.848Z,2025-02-19T17:05:34.104Z,"ExecutionSpans([SliceSpan(<start='2025-02-19 17:05:34', stop='2025-02-19 17:05:44', size=4096>)])",9.436372
completed,511,11,2030,"[[""y"", 412], [""x"", 408], [""u"", 402], [""t"", 207], [""tdg"", 207], [""s"", 184], [""sdg"", 184], [""cx"", 11], [""h"", 10], [""measure"", 4], [""cz"", 1]]",4,1002,ibm,dynamic_payload_gates,cyv0yzb78z600082q480,ibm_kyiv,"{""0010"": 283, ""1001"": 197, ""1100"": 182, ""0100"": 313, ""0110"": 296, ""1111"": 218, ""1000"": 178, ""1010"": 193, ""1101"": 210, ""0101"": 401, ""0000"": 275, ""1011"": 196, ""0111"": 302, ""1110"": 176, ""0001"": 364, ""0011"": 312}",0.067138671875,3.0,3.0,completed,0.067138671875,2025-02-19T17:06:05.534Z,2025-02-19T17:06:19.455Z,2025-02-19T17:06:08.227Z,"ExecutionSpans([SliceSpan(<start='2025-02-19 17:06:08', stop='2025-02-19 17:06:18', size=4096>)])",9.750187
completed,511,11,2032,"[[""u"", 430], [""y"", 400], [""x"", 374], [""s"", 207], [""sdg"", 207], [""t"", 194], [""tdg"", 194], [""cx"", 11], [""h"", 10], [""measure"", 4], [""cz"", 1]]",4,1003,ibm,dynamic_payload_gates,cyv0z8d38jq0008xxyyg,ibm_kyiv,"{""0101"": 247, ""1010"": 260, ""0110"": 303, ""0010"": 262, ""0001"": 253, ""1011"": 239, ""1100"": 245, ""1111"": 295, ""1000"": 242, ""1101"": 243, ""0011"": 229, ""1110"": 257, ""1001"": 268, ""0000"": 245, ""0111"": 270, ""0100"": 238}",0.059814453125,3.0,3.0,completed,0.059814453125,2025-02-19T17:06:41.538Z,2025-02-19T17:07:00.629Z,2025-02-19T17:06:45.064Z,"ExecutionSpans([SliceSpan(<start='2025-02-19 17:06:45', stop='2025-02-19 17:06:59', size=4096>)])",14.134358
completed,513,11,2034,"[[""x"", 422], [""u"", 418], [""y"", 412], [""t"", 197], [""tdg"", 197], [""s"", 181], [""sdg"", 181], [""cx"", 11], [""h"", 10], [""measure"", 4], [""cz"", 1]]",4,1004,ibm,dynamic_payload_gates,cyv0zke38jq0008xxz00,ibm_kyiv,"{""1110"": 256, ""1011"": 251, ""1001"": 220, ""0000"": 262, ""0100"": 262, ""0001"": 262, ""1100"": 251, ""0111"": 298, ""1101"": 213, ""0101"": 251, ""1000"": 218, ""0110"": 244, ""0010"": 290, ""1010"": 260, ""1111"": 265, ""0011"": 293}",0.06396484375,3.0,3.0,completed,0.06396484375,2025-02-19T17:07:25.852Z,2025-02-19T17:07:39.724Z,2025-02-19T17:07:28.617Z,"ExecutionSpans([SliceSpan(<start='2025-02-19 17:07:29', stop='2025-02-19 17:07:39', size=4096>)])",9.713224
completed,513,11,2036,"[[""x"", 400], [""u"", 398], [""y"", 390], [""s"", 215], [""sdg"", 215], [""t"", 196], [""tdg"", 196], [""cx"", 11], [""h"", 10], [""measure"", 4], [""cz"", 1]]",4,1005,ibm,dynamic_payload_gates,cyv0zwqjj6dg008g4b1g,ibm_kyiv,"{""1100"": 252, ""0011"": 267, ""1110"": 270, ""0110"": 236, ""1101"": 237, ""1000"": 276, ""1001"": 247, ""1111"": 239, ""0010"": 245, ""0000"": 257, ""1010"": 270, ""0001"": 239, ""0100"": 265, ""1011"": 245, ""0111"": 273, ""0101"": 278}",0.062744140625,3.0,3.0,completed,0.062744140625,2025-02-19T17:08:02.187Z,2025-02-19T17:08:15.775Z,2025-02-19T17:08:04.843Z,"ExecutionSpans([SliceSpan(<start='2025-02-19 17:08:05', stop='2025-02-19 17:08:15', size=4096>)])",9.668395
completed,3005,5,3011,"[[""y"", 648], [""x"", 600], [""u"", 582], [""s"", 295], [""sdg"", 295], [""t"", 290], [""tdg"", 290], [""cx"", 5], [""h"", 4], [""cz"", 1], [""measure"", 1]]",1,1500,ibm,dynamic_payload_gates,cyv10t338jq0008xxz20,ibm_kyiv,"{""0"": 2115, ""1"": 1981}",0.516357421875,3.0,3.0,completed,0.516357421875,2025-02-19T17:10:00.936Z,2025-02-19T17:10:15.246Z,2025-02-19T17:10:04.412Z,"ExecutionSpans([SliceSpan(<start='2025-02-19 17:10:05', stop='2025-02-19 17:10:14', size=4096>)])",9.469287
completed,3007,5,3013,"[[""u"", 670], [""y"", 592], [""x"", 578], [""s"", 296], [""sdg"", 296], [""t"", 285], [""tdg"", 285], [""cx"", 5], [""h"", 4], [""cz"", 1], [""measure"", 1]]",1,1501,ibm,dynamic_payload_gates,cyv113c78z600082q4eg,ibm_kyiv,"{""1"": 1987, ""0"": 2109}",0.514892578125,3.0,3.0,completed,0.514892578125,2025-02-19T17:10:37.917Z,2025-02-19T17:10:51.679Z,2025-02-19T17:10:40.090Z,"ExecutionSpans([SliceSpan(<start='2025-02-19 17:10:40', stop='2025-02-19 17:10:50', size=4096>)])",10.170279
completed,3009,5,3015,"[[""y"", 642], [""u"", 618], [""x"", 540], [""t"", 310], [""tdg"", 310], [""s"", 292], [""sdg"", 292], [""cx"", 5], [""h"", 4], [""cz"", 1], [""measure"", 1]]",1,1502,ibm,dynamic_payload_gates,cyv11cx4raf0008ejvr0,ibm_kyiv,"{""1"": 2061, ""0"": 2035}",0.496826171875,3.0,3.0,completed,0.496826171875,2025-02-19T17:11:16.007Z,2025-02-19T17:11:30.431Z,2025-02-19T17:11:18.671Z,"ExecutionSpans([SliceSpan(<start='2025-02-19 17:11:19', stop='2025-02-19 17:11:29', size=4096>)])",10.109764
completed,3011,5,3017,"[[""x"", 656], [""u"", 610], [""y"", 576], [""s"", 301], [""sdg"", 301], [""t"", 281], [""tdg"", 281], [""cx"", 5], [""h"", 4], [""cz"", 1], [""measure"", 1]]",1,1503,ibm,dynamic_payload_gates,cyv11p6q5bwg0083p0mg,ibm_kyiv,"{""1"": 1922, ""0"": 2174}",0.53076171875,3.0,3.0,completed,0.53076171875,2025-02-19T17:11:52.503Z,2025-02-19T17:12:07.728Z,2025-02-19T17:11:55.546Z,"ExecutionSpans([SliceSpan(<start='2025-02-19 17:11:56', stop='2025-02-19 17:12:06', size=4096>)])",10.692616
completed,3013,5,3019,"[[""x"", 610], [""y"", 606], [""u"", 552], [""s"", 314], [""sdg"", 314], [""t"", 306], [""tdg"", 306], [""cx"", 5], [""h"", 4], [""cz"", 1], [""measure"", 1]]",1,1504,ibm,dynamic_payload_gates,cyv11zq4raf0008ejvsg,ibm_kyiv,"{""1"": 2085, ""0"": 2011}",0.490966796875,3.0,3.0,completed,0.490966796875,2025-02-19T17:12:30.436Z,2025-02-19T17:12:44.727Z,2025-02-19T17:12:33.075Z,"ExecutionSpans([SliceSpan(<start='2025-02-19 17:12:33', stop='2025-02-19 17:12:44', size=4096>)])",10.139872
completed,3015,5,3021,"[[""u"", 618], [""y"", 616], [""x"", 566], [""t"", 320], [""tdg"", 320], [""s"", 285], [""sdg"", 285], [""cx"", 5], [""h"", 4], [""cz"", 1], [""measure"", 1]]",1,1505,ibm,dynamic_payload_gates,cyv128hy2gd0008866mg,ibm_kyiv,"{""0"": 2123, ""1"": 1973}",0.518310546875,3.0,3.0,completed,0.518310546875,2025-02-19T17:13:07.106Z,2025-02-19T17:13:20.752Z,2025-02-19T17:13:09.715Z,"ExecutionSpans([SliceSpan(<start='2025-02-19 17:13:10', stop='2025-02-19 17:13:20', size=4096>)])",9.680758
completed,1507,7,3016,"[[""y"", 650], [""u"", 608], [""x"", 590], [""t"", 303], [""tdg"", 303], [""s"", 273], [""sdg"", 273], [""cx"", 7], [""h"", 6], [""measure"", 2], [""cz"", 1]]",2,1500,ibm,dynamic_payload_gates,cyv12hjq5bwg0083p0ng,ibm_kyiv,"{""00"": 1011, ""01"": 866, ""11"": 1002, ""10"": 1217}",0.246826171875,3.0,3.0,completed,0.246826171875,2025-02-19T17:13:42.977Z,2025-02-19T17:13:56.718Z,2025-02-19T17:13:45.763Z,"ExecutionSpans([SliceSpan(<start='2025-02-19 17:13:46', stop='2025-02-19 17:13:55', size=4096>)])",9.295116
completed,1507,7,3018,"[[""y"", 630], [""x"", 596], [""u"", 548], [""t"", 313], [""tdg"", 313], [""s"", 301], [""sdg"", 301], [""cx"", 7], [""h"", 6], [""measure"", 2], [""cz"", 1]]",2,1501,ibm,dynamic_payload_gates,cyv12tk78z600082q4j0,ibm_kyiv,"{""00"": 1021, ""01"": 965, ""11"": 1093, ""10"": 1017}",0.249267578125,3.0,3.0,completed,0.249267578125,2025-02-19T17:14:18.492Z,2025-02-19T17:14:32.801Z,2025-02-19T17:14:21.549Z,"ExecutionSpans([SliceSpan(<start='2025-02-19 17:14:22', stop='2025-02-19 17:14:32', size=4096>)])",9.900708
completed,1509,7,3020,"[[""x"", 616], [""u"", 616], [""y"", 534], [""s"", 318], [""sdg"", 318], [""t"", 301], [""tdg"", 301], [""cx"", 7], [""h"", 6], [""measure"", 2], [""cz"", 1]]",2,1502,ibm,dynamic_payload_gates,cyv133cjj6dg008g4b60,ibm_kyiv,"{""11"": 881, ""10"": 859, ""00"": 1604, ""01"": 752}",0.3916015625,3.0,3.0,completed,0.3916015625,2025-02-19T17:14:53.758Z,2025-02-19T17:15:07.839Z,2025-02-19T17:14:56.448Z,"ExecutionSpans([SliceSpan(<start='2025-02-19 17:14:57', stop='2025-02-19 17:15:07', size=4096>)])",9.752693
completed,1509,7,3022,"[[""y"", 638], [""x"", 622], [""u"", 574], [""t"", 302], [""tdg"", 302], [""s"", 284], [""sdg"", 284], [""cx"", 7], [""h"", 6], [""measure"", 2], [""cz"", 1]]",2,1503,ibm,dynamic_payload_gates,cyv13c54raf0008ejvvg,ibm_kyiv,"{""01"": 994, ""00"": 1038, ""10"": 1024, ""11"": 1040}",0.25341796875,3.0,3.0,completed,0.25341796875,2025-02-19T17:15:28.452Z,2025-02-19T17:15:43.062Z,2025-02-19T17:15:31.075Z,"ExecutionSpans([SliceSpan(<start='2025-02-19 17:15:31', stop='2025-02-19 17:15:42', size=4096>)])",10.468537
completed,1511,7,3024,"[[""u"", 632], [""x"", 614], [""y"", 586], [""t"", 302], [""tdg"", 302], [""s"", 286], [""sdg"", 286], [""cx"", 7], [""h"", 6], [""measure"", 2], [""cz"", 1]]",2,1504,ibm,dynamic_payload_gates,cyv13mp4raf0008ejvwg,ibm_kyiv,"{""01"": 1068, ""10"": 1131, ""11"": 925, ""00"": 972}",0.2373046875,3.0,3.0,completed,0.2373046875,2025-02-19T17:16:03.233Z,2025-02-19T17:16:18.153Z,2025-02-19T17:16:06.330Z,"ExecutionSpans([SliceSpan(<start='2025-02-19 17:16:07', stop='2025-02-19 17:16:17', size=4096>)])",10.296247
completed,1511,7,3026,"[[""y"", 624], [""u"", 592], [""x"", 580], [""s"", 310], [""sdg"", 310], [""t"", 297], [""tdg"", 297], [""cx"", 7], [""h"", 6], [""measure"", 2], [""cz"", 1]]",2,1505,ibm,dynamic_payload_gates,cyv13xz4raf0008ejvx0,ibm_kyiv,"{""11"": 1034, ""00"": 896, ""10"": 1315, ""01"": 851}",0.21875,3.0,3.0,completed,0.21875,2025-02-19T17:16:39.816Z,2025-02-19T17:16:53.776Z,2025-02-19T17:16:42.601Z,"ExecutionSpans([SliceSpan(<start='2025-02-19 17:16:43', stop='2025-02-19 17:16:52', size=4096>)])",9.589432
completed,1009,9,3021,"[[""y"", 610], [""u"", 610], [""x"", 550], [""s"", 316], [""sdg"", 316], [""t"", 299], [""tdg"", 299], [""cx"", 9], [""h"", 8], [""measure"", 3], [""cz"", 1]]",3,1500,ibm,dynamic_payload_gates,cyv147838jq0008xxz5g,ibm_kyiv,"{""000"": 483, ""111"": 509, ""001"": 571, ""011"": 551, ""101"": 511, ""110"": 470, ""100"": 505, ""010"": 496}",0.117919921875,3.0,3.0,completed,0.117919921875,2025-02-19T17:17:17.777Z,2025-02-19T17:17:32.411Z,2025-02-19T17:17:20.587Z,"ExecutionSpans([SliceSpan(<start='2025-02-19 17:17:21', stop='2025-02-19 17:17:31', size=4096>)])",10.385778
completed,1009,9,3023,"[[""x"", 610], [""y"", 590], [""u"", 566], [""s"", 330], [""sdg"", 330], [""t"", 288], [""tdg"", 288], [""cx"", 9], [""h"", 8], [""measure"", 3], [""cz"", 1]]",3,1501,ibm,dynamic_payload_gates,cyv14gj38jq0008xxz60,ibm_kyiv,"{""001"": 673, ""010"": 536, ""000"": 553, ""111"": 433, ""011"": 590, ""101"": 426, ""100"": 438, ""110"": 447}",0.135009765625,3.0,3.0,completed,0.135009765625,2025-02-19T17:17:54.668Z,2025-02-19T17:18:09.631Z,2025-02-19T17:17:57.551Z,"ExecutionSpans([SliceSpan(<start='2025-02-19 17:17:58', stop='2025-02-19 17:18:08', size=4096>)])",10.731034
completed,1009,9,3025,"[[""u"", 602], [""y"", 588], [""x"", 584], [""t"", 310], [""tdg"", 310], [""s"", 305], [""sdg"", 305], [""cx"", 9], [""h"", 8], [""measure"", 3], [""cz"", 1]]",3,1502,ibm,dynamic_payload_gates,cyv14sk38jq0008xxz7g,ibm_kyiv,"{""110"": 376, ""100"": 385, ""101"": 413, ""000"": 480, ""001"": 635, ""010"": 557, ""011"": 775, ""111"": 475}",0.1171875,3.0,3.0,completed,0.1171875,2025-02-19T17:18:30.789Z,2025-02-19T17:18:46.996Z,2025-02-19T17:18:33.635Z,"ExecutionSpans([SliceSpan(<start='2025-02-19 17:18:34', stop='2025-02-19 17:18:46', size=4096>)])",11.617444
completed,1011,9,3027,"[[""y"", 612], [""x"", 572], [""u"", 548], [""t"", 321], [""tdg"", 321], [""s"", 316], [""sdg"", 316], [""cx"", 9], [""h"", 8], [""measure"", 3], [""cz"", 1]]",3,1503,ibm,dynamic_payload_gates,cyv153cjj6dg008g4b90,ibm_kyiv,"{""111"": 490, ""100"": 482, ""010"": 532, ""011"": 509, ""001"": 514, ""000"": 481, ""101"": 506, ""110"": 582}",0.117431640625,3.0,3.0,completed,0.117431640625,2025-02-19T17:19:10.103Z,2025-02-19T17:19:23.982Z,2025-02-19T17:19:13.060Z,"ExecutionSpans([SliceSpan(<start='2025-02-19 17:19:13', stop='2025-02-19 17:19:23', size=4096>)])",9.54029
completed,1011,9,3029,"[[""x"", 624], [""u"", 608], [""y"", 568], [""t"", 319], [""tdg"", 319], [""s"", 285], [""sdg"", 285], [""cx"", 9], [""h"", 8], [""measure"", 3], [""cz"", 1]]",3,1504,ibm,dynamic_payload_gates,cyv15cdjj6dg008g4bb0,ibm_kyiv,"{""110"": 607, ""101"": 624, ""011"": 441, ""000"": 379, ""001"": 405, ""100"": 615, ""111"": 602, ""010"": 423}",0.092529296875,3.0,3.0,completed,0.092529296875,2025-02-19T17:19:45.903Z,2025-02-19T17:19:59.875Z,2025-02-19T17:19:48.599Z,"ExecutionSpans([SliceSpan(<start='2025-02-19 17:19:49', stop='2025-02-19 17:19:59', size=4096>)])",9.850125
completed,1011,9,3031,"[[""x"", 620], [""y"", 606], [""u"", 574], [""s"", 313], [""sdg"", 313], [""t"", 292], [""tdg"", 292], [""cx"", 9], [""h"", 8], [""measure"", 3], [""cz"", 1]]",3,1505,ibm,dynamic_payload_gates,cyv15ne78z600082q4n0,ibm_kyiv,"{""100"": 480, ""110"": 511, ""101"": 579, ""010"": 526, ""000"": 489, ""111"": 537, ""011"": 508, ""001"": 466}",0.119384765625,3.0,3.0,completed,0.119384765625,2025-02-19T17:20:21.832Z,2025-02-19T17:20:36.130Z,2025-02-19T17:20:25.057Z,"ExecutionSpans([SliceSpan(<start='2025-02-19 17:20:25', stop='2025-02-19 17:20:35', size=4096>)])",9.517379
completed,761,11,3026,"[[""x"", 606], [""u"", 604], [""y"", 584], [""t"", 331], [""tdg"", 331], [""s"", 272], [""sdg"", 272], [""cx"", 11], [""h"", 10], [""measure"", 4], [""cz"", 1]]",4,1500,ibm,dynamic_payload_gates,cyv15yqy2gd0008866s0,ibm_kyiv,"{""1000"": 261, ""0000"": 249, ""0111"": 255, ""0100"": 245, ""1011"": 273, ""0110"": 239, ""0011"": 247, ""0001"": 249, ""0010"": 255, ""1101"": 275, ""1001"": 248, ""1010"": 249, ""1111"": 282, ""1110"": 271, ""0101"": 252, ""1100"": 246}",0.060791015625,3.0,3.0,completed,0.060791015625,2025-02-19T17:20:58.730Z,2025-02-19T17:21:12.850Z,2025-02-19T17:21:01.327Z,"ExecutionSpans([SliceSpan(<start='2025-02-19 17:21:02', stop='2025-02-19 17:21:12', size=4096>)])",9.92169
completed,761,11,3028,"[[""x"", 630], [""u"", 628], [""y"", 568], [""t"", 296], [""tdg"", 296], [""s"", 292], [""sdg"", 292], [""cx"", 11], [""h"", 10], [""measure"", 4], [""cz"", 1]]",4,1501,ibm,dynamic_payload_gates,cyv167gq5bwg0083p0wg,ibm_kyiv,"{""1110"": 277, ""0101"": 262, ""0011"": 233, ""1001"": 261, ""1111"": 263, ""1000"": 260, ""1011"": 245, ""0111"": 242, ""0100"": 266, ""1101"": 274, ""1010"": 240, ""0000"": 222, ""0001"": 273, ""0110"": 286, ""1100"": 246, ""0010"": 246}",0.05419921875,3.0,3.0,completed,0.05419921875,2025-02-19T17:21:35.265Z,2025-02-19T17:22:20.901Z,2025-02-19T17:21:38.176Z,"ExecutionSpans([SliceSpan(<start='2025-02-19 17:21:38', stop='2025-02-19 17:22:20', size=4096>)])",41.379135
completed,761,11,3030,"[[""u"", 588], [""x"", 582], [""y"", 578], [""s"", 330], [""sdg"", 330], [""t"", 298], [""tdg"", 298], [""cx"", 11], [""h"", 10], [""measure"", 4], [""cz"", 1]]",4,1502,ibm,dynamic_payload_gates,cyv16s3q5bwg0083p0y0,ibm_kyiv,"{""1000"": 340, ""1111"": 165, ""1010"": 324, ""0000"": 312, ""1110"": 175, ""1001"": 344, ""1011"": 355, ""0100"": 193, ""0001"": 353, ""1101"": 165, ""0010"": 322, ""0011"": 353, ""1100"": 186, ""0111"": 182, ""0110"": 160, ""0101"": 167}",0.076171875,3.0,3.0,completed,0.076171875,2025-02-19T17:22:45.069Z,2025-02-19T17:22:59.316Z,2025-02-19T17:22:47.872Z,"ExecutionSpans([SliceSpan(<start='2025-02-19 17:22:48', stop='2025-02-19 17:22:58', size=4096>)])",9.870534
completed,761,11,3032,"[[""y"", 656], [""x"", 614], [""u"", 590], [""t"", 289], [""tdg"", 289], [""s"", 284], [""sdg"", 284], [""cx"", 11], [""h"", 10], [""measure"", 4], [""cz"", 1]]",4,1503,ibm,dynamic_payload_gates,cyv172w78z600082q4s0,ibm_kyiv,"{""1100"": 230, ""1000"": 261, ""0000"": 263, ""0101"": 276, ""1011"": 239, ""1101"": 248, ""1010"": 269, ""0001"": 238, ""0110"": 252, ""0011"": 254, ""0100"": 278, ""0111"": 262, ""1001"": 243, ""1111"": 279, ""1110"": 242, ""0010"": 262}",0.064208984375,3.0,3.0,completed,0.064208984375,2025-02-19T17:23:23.416Z,2025-02-19T17:25:12.796Z,2025-02-19T17:23:25.670Z,"ExecutionSpans([SliceSpan(<start='2025-02-19 17:23:26', stop='2025-02-19 17:25:12', size=4096>)])",105.586746
completed,763,11,3034,"[[""x"", 606], [""y"", 590], [""u"", 568], [""t"", 316], [""tdg"", 316], [""s"", 306], [""sdg"", 306], [""cx"", 11], [""h"", 10], [""measure"", 4], [""cz"", 1]]",4,1504,ibm,dynamic_payload_gates,cyv1838jj6dg008g4bhg,ibm_kyiv,"{""0110"": 312, ""0010"": 284, ""1001"": 208, ""0000"": 332, ""0101"": 345, ""1100"": 202, ""0001"": 321, ""1011"": 231, ""1000"": 174, ""0111"": 309, ""1101"": 212, ""0011"": 301, ""1010"": 199, ""1111"": 192, ""0100"": 306, ""1110"": 168}",0.0810546875,10.0,10.0,completed,0.0810546875,2025-02-19T17:25:33.170Z,2025-02-19T17:26:09.609Z,2025-02-19T17:25:36.067Z,"ExecutionSpans([SliceSpan(<start='2025-02-19 17:25:37', stop='2025-02-19 17:26:08', size=4096>)])",31.894198
completed,763,11,3036,"[[""u"", 628], [""y"", 622], [""x"", 562], [""s"", 304], [""sdg"", 304], [""t"", 295], [""tdg"", 295], [""cx"", 11], [""h"", 10], [""measure"", 4], [""cz"", 1]]",4,1505,ibm,dynamic_payload_gates,cyv18j2y2gd000886700,ibm_kyiv,"{""0111"": 264, ""1110"": 242, ""0100"": 257, ""1100"": 208, ""0000"": 264, ""1111"": 244, ""1010"": 258, ""0010"": 271, ""0110"": 248, ""1000"": 247, ""1001"": 298, ""1011"": 273, ""1101"": 232, ""0011"": 306, ""0101"": 252, ""0001"": 232}",0.064453125,3.0,3.0,completed,0.064453125,2025-02-19T17:26:32.964Z,2025-02-19T17:26:47.192Z,2025-02-19T17:26:35.477Z,"ExecutionSpans([SliceSpan(<start='2025-02-19 17:26:36', stop='2025-02-19 17:26:46', size=4096>)])",10.044621
