status,circuit_depth,circuit_width,circuit_size,circuit_count_ops,num_qubits,num_clbits,num_ancillas,num_parameters,has_calibrations,has_layout,payload_size,num_gates,execution_type,experiment_type,counts,success_rate,ibm_job_id,ibm_backend,iteration,job_duration,job_quantum_duration,job_status,job_success_rate,job_created,job_finished,job_running,job_execution_spans,job_execution_duration
completed,11,5,17,"{""h"": 8, ""cx"": 5, ""x"": 2, ""cz"": 1, ""measure"": 1}",4,1,0,0,False,False,1,3,ibm,fixed_payload_experiments,"{""0"": 2830, ""1"": 1266}",0.69091796875,d09septnhqag008pecgg,ibm_sherbrooke,1,2.0,2.0,completed,0.69091796875,2025-05-01T15:46:35.329Z,2025-05-01T15:46:52.742Z,2025-05-01T15:46:38.311Z,"ExecutionSpans([DoubleSliceSpan(<start='2025-05-01 15:46:50', stop='2025-05-01 15:46:51', size=4096>)])",1.692741
completed,11,5,17,"{""h"": 8, ""cx"": 5, ""y"": 2, ""cz"": 1, ""measure"": 1}",4,1,0,0,False,False,1,3,ibm,fixed_payload_experiments,"{""1"": 1397, ""0"": 2699}",0.658935546875,d09sf0m6rr3g008765t0,ibm_sherbrooke,2,2.0,2.0,completed,0.658935546875,2025-05-01T15:47:14.817Z,2025-05-01T15:47:28.799Z,2025-05-01T15:47:18.488Z,"ExecutionSpans([DoubleSliceSpan(<start='2025-05-01 15:47:26', stop='2025-05-01 15:47:27', size=4096>)])",1.694677
completed,11,5,17,"{""h"": 6, ""cx"": 5, ""z"": 2, ""s"": 1, ""cz"": 1, ""sdg"": 1, ""measure"": 1}",4,1,0,0,False,False,1,3,ibm,fixed_payload_experiments,"{""1"": 1821, ""0"": 2275}",0.555419921875,d09sf9nkzhn0008v7w90,ibm_sherbrooke,3,2.0,2.0,completed,0.555419921875,2025-05-01T15:47:50.262Z,2025-05-01T15:48:35.190Z,2025-05-01T15:48:15.388Z,"ExecutionSpans([DoubleSliceSpan(<start='2025-05-01 15:48:32', stop='2025-05-01 15:48:34', size=4096>)])",1.710574
completed,11,5,17,"{""cx"": 5, ""h"": 4, ""x"": 2, ""y"": 2, ""z"": 2, ""cz"": 1, ""measure"": 1}",4,1,0,0,False,False,1,3,ibm,fixed_payload_experiments,"{""0"": 2449, ""1"": 1647}",0.597900390625,d09sftfnhqag008ped10,ibm_sherbrooke,4,2.0,2.0,completed,0.597900390625,2025-05-01T15:48:58.061Z,2025-05-01T15:49:11.175Z,2025-05-01T15:49:01.656Z,"ExecutionSpans([DoubleSliceSpan(<start='2025-05-01 15:49:08', stop='2025-05-01 15:49:10', size=4096>)])",1.69225
completed,11,5,17,"{""h"": 6, ""cx"": 5, ""z"": 2, ""sdg"": 1, ""cz"": 1, ""s"": 1, ""measure"": 1}",4,1,0,0,False,False,1,3,ibm,fixed_payload_experiments,"{""0"": 2533, ""1"": 1563}",0.618408203125,d09sg2gd8drg008ymqwg,ibm_sherbrooke,5,2.0,2.0,completed,0.618408203125,2025-05-01T15:49:30.826Z,2025-05-01T15:49:36.991Z,2025-05-01T15:49:33.444Z,"ExecutionSpans([DoubleSliceSpan(<start='2025-05-01 15:49:34', stop='2025-05-01 15:49:36', size=4096>)])",1.686811
completed,11,5,17,"{""cx"": 5, ""h"": 4, ""x"": 2, ""z"": 2, ""s"": 1, ""cz"": 1, ""sdg"": 1, ""measure"": 1}",4,1,0,0,False,False,1,3,ibm,fixed_payload_experiments,"{""0"": 2299, ""1"": 1797}",0.561279296875,d09sg9skzhn0008v7wpg,ibm_sherbrooke,6,2.0,2.0,completed,0.561279296875,2025-05-01T15:49:59.961Z,2025-05-01T15:50:14.228Z,2025-05-01T15:50:02.483Z,"ExecutionSpans([DoubleSliceSpan(<start='2025-05-01 15:50:11', stop='2025-05-01 15:50:13', size=4096>)])",1.718476
completed,11,5,17,"{""cx"": 5, ""h"": 4, ""y"": 2, ""x"": 2, ""z"": 2, ""cz"": 1, ""measure"": 1}",4,1,0,0,False,False,1,3,ibm,fixed_payload_experiments,"{""0"": 2521, ""1"": 1575}",0.615478515625,d09sgjtnhqag008peddg,ibm_sherbrooke,7,2.0,2.0,completed,0.615478515625,2025-05-01T15:50:35.390Z,2025-05-01T15:50:41.332Z,2025-05-01T15:50:38.211Z,"ExecutionSpans([DoubleSliceSpan(<start='2025-05-01 15:50:38', stop='2025-05-01 15:50:40', size=4096>)])",1.6863709999999998
completed,11,5,17,"{""cx"": 5, ""h"": 4, ""y"": 2, ""x"": 2, ""s"": 1, ""cz"": 1, ""sdg"": 1, ""measure"": 1}",4,1,0,0,False,False,1,3,ibm,fixed_payload_experiments,"{""1"": 1322, ""0"": 2774}",0.67724609375,d09sgrbqnmvg008709f0,ibm_sherbrooke,8,2.0,2.0,completed,0.67724609375,2025-05-01T15:50:57.813Z,2025-05-01T15:51:03.332Z,2025-05-01T15:51:00.141Z,"ExecutionSpans([DoubleSliceSpan(<start='2025-05-01 15:51:00', stop='2025-05-01 15:51:02', size=4096>)])",1.7186810000000001
completed,11,5,17,"{""cx"": 5, ""h"": 4, ""x"": 2, ""z"": 2, ""s"": 1, ""cz"": 1, ""sdg"": 1, ""measure"": 1}",4,1,0,0,False,False,1,3,ibm,fixed_payload_experiments,"{""0"": 2455, ""1"": 1641}",0.599365234375,d09sgybnhqag008pedjg,ibm_sherbrooke,9,2.0,2.0,completed,0.599365234375,2025-05-01T15:51:21.917Z,2025-05-01T15:51:28.018Z,2025-05-01T15:51:24.875Z,"ExecutionSpans([DoubleSliceSpan(<start='2025-05-01 15:51:25', stop='2025-05-01 15:51:27', size=4096>)])",1.700661
completed,11,5,17,"{""cx"": 5, ""h"": 4, ""y"": 2, ""x"": 2, ""s"": 1, ""cz"": 1, ""sdg"": 1, ""measure"": 1}",4,1,0,0,False,False,1,3,ibm,fixed_payload_experiments,"{""0"": 2396, ""1"": 1700}",0.5849609375,d09sh4mkzhn0008v7x60,ibm_sherbrooke,10,2.0,2.0,completed,0.5849609375,2025-05-01T15:51:46.648Z,2025-05-01T15:51:52.152Z,2025-05-01T15:51:48.735Z,"ExecutionSpans([DoubleSliceSpan(<start='2025-05-01 15:51:49', stop='2025-05-01 15:51:51', size=4096>)])",1.70294
completed,11,5,17,"{""cx"": 5, ""h"": 4, ""y"": 2, ""x"": 2, ""s"": 1, ""cz"": 1, ""sdg"": 1, ""measure"": 1}",4,1,0,0,False,False,1,3,ibm,fixed_payload_experiments,"{""0"": 2452, ""1"": 1644}",0.5986328125,d09shanqnmvg008709m0,ibm_sherbrooke,11,2.0,2.0,completed,0.5986328125,2025-05-01T15:52:10.991Z,2025-05-01T15:52:28.963Z,2025-05-01T15:52:13.753Z,"ExecutionSpans([DoubleSliceSpan(<start='2025-05-01 15:52:26', stop='2025-05-01 15:52:27', size=4096>)])",1.6997740000000001
completed,11,5,17,"{""cx"": 5, ""h"": 4, ""z"": 4, ""x"": 2, ""cz"": 1, ""measure"": 1}",4,1,0,0,False,False,1,3,ibm,fixed_payload_experiments,"{""0"": 2336, ""1"": 1760}",0.5703125,d09shkeqnmvg008709rg,ibm_sherbrooke,12,2.0,2.0,completed,0.5703125,2025-05-01T15:52:45.625Z,2025-05-01T15:53:24.677Z,2025-05-01T15:53:13.314Z,"ExecutionSpans([DoubleSliceSpan(<start='2025-05-01 15:53:22', stop='2025-05-01 15:53:23', size=4096>)])",1.702896
completed,11,5,17,"{""cx"": 5, ""h"": 4, ""s"": 3, ""sdg"": 3, ""cz"": 1, ""measure"": 1}",4,1,0,0,False,False,1,3,ibm,fixed_payload_experiments,"{""0"": 2353, ""1"": 1743}",0.574462890625,d09sj30qnmvg00870a1g,ibm_sherbrooke,13,2.0,2.0,completed,0.574462890625,2025-05-01T15:53:48.434Z,2025-05-01T15:54:01.691Z,2025-05-01T15:53:50.896Z,"ExecutionSpans([DoubleSliceSpan(<start='2025-05-01 15:53:58', stop='2025-05-01 15:54:00', size=4096>)])",1.912899
completed,11,5,17,"{""h"": 6, ""cx"": 5, ""z"": 2, ""y"": 2, ""cz"": 1, ""measure"": 1}",4,1,0,0,False,False,1,3,ibm,fixed_payload_experiments,"{""1"": 1599, ""0"": 2497}",0.609619140625,d09sjc9rxz8g008a4250,ibm_sherbrooke,14,2.0,2.0,completed,0.609619140625,2025-05-01T15:54:25.714Z,2025-05-01T15:56:29.603Z,2025-05-01T15:54:37.911Z,"ExecutionSpans([DoubleSliceSpan(<start='2025-05-01 15:56:26', stop='2025-05-01 15:56:28', size=4096>)])",1.920458
completed,11,5,17,"{""cx"": 5, ""h"": 4, ""x"": 2, ""z"": 2, ""sdg"": 1, ""cz"": 1, ""s"": 1, ""measure"": 1}",4,1,0,0,False,False,1,3,ibm,fixed_payload_experiments,"{""1"": 1630, ""0"": 2466}",0.60205078125,d09skh66rr3g0087687g,ibm_sherbrooke,15,2.0,2.0,completed,0.60205078125,2025-05-01T15:56:53.175Z,2025-05-01T15:56:59.846Z,2025-05-01T15:56:56.145Z,"ExecutionSpans([DoubleSliceSpan(<start='2025-05-01 15:56:57', stop='2025-05-01 15:56:58', size=4096>)])",1.754171
completed,11,5,17,"{""h"": 8, ""cx"": 5, ""s"": 1, ""cz"": 1, ""sdg"": 1, ""measure"": 1}",4,1,0,0,False,False,1,3,ibm,fixed_payload_experiments,"{""0"": 2508, ""1"": 1588}",0.6123046875,d09skrzrxz8g008a42k0,ibm_sherbrooke,16,2.0,2.0,completed,0.6123046875,2025-05-01T15:57:23.858Z,2025-05-01T15:57:30.597Z,2025-05-01T15:57:27.024Z,"ExecutionSpans([DoubleSliceSpan(<start='2025-05-01 15:57:27', stop='2025-05-01 15:57:29', size=4096>)])",1.699463
completed,11,5,17,"{""cx"": 5, ""h"": 4, ""sdg"": 2, ""x"": 2, ""s"": 2, ""cz"": 1, ""measure"": 1}",4,1,0,0,False,False,1,3,ibm,fixed_payload_experiments,"{""0"": 2864, ""1"": 1232}",0.69921875,d09sm00kzhn0008v7y80,ibm_sherbrooke,17,2.0,2.0,completed,0.69921875,2025-05-01T15:57:53.128Z,2025-05-01T15:57:59.311Z,2025-05-01T15:57:55.903Z,"ExecutionSpans([DoubleSliceSpan(<start='2025-05-01 15:57:56', stop='2025-05-01 15:57:58', size=4096>)])",1.798341
completed,11,5,17,"{""cx"": 5, ""h"": 4, ""x"": 2, ""z"": 2, ""s"": 1, ""cz"": 1, ""sdg"": 1, ""measure"": 1}",4,1,0,0,False,False,1,3,ibm,fixed_payload_experiments,"{""1"": 1668, ""0"": 2428}",0.5927734375,d09sm70kzhn0008v7ycg,ibm_sherbrooke,18,2.0,2.0,completed,0.5927734375,2025-05-01T15:58:21.052Z,2025-05-01T15:58:27.159Z,2025-05-01T15:58:23.630Z,"ExecutionSpans([DoubleSliceSpan(<start='2025-05-01 15:58:24', stop='2025-05-01 15:58:26', size=4096>)])",1.8165529999999999
completed,11,5,17,"{""cx"": 5, ""h"": 4, ""s"": 2, ""z"": 2, ""sdg"": 2, ""cz"": 1, ""measure"": 1}",4,1,0,0,False,False,1,3,ibm,fixed_payload_experiments,"{""0"": 2638, ""1"": 1458}",0.64404296875,d09smdhkzhn0008v7yf0,ibm_sherbrooke,19,2.0,2.0,completed,0.64404296875,2025-05-01T15:58:46.932Z,2025-05-01T15:58:52.833Z,2025-05-01T15:58:49.229Z,"ExecutionSpans([DoubleSliceSpan(<start='2025-05-01 15:58:50', stop='2025-05-01 15:58:51', size=4096>)])",1.694936
completed,11,5,17,"{""h"": 6, ""cx"": 5, ""y"": 2, ""sdg"": 1, ""cz"": 1, ""s"": 1, ""measure"": 1}",4,1,0,0,False,False,1,3,ibm,fixed_payload_experiments,"{""1"": 1674, ""0"": 2422}",0.59130859375,d09smmad8drg008ymst0,ibm_sherbrooke,20,2.0,2.0,completed,0.59130859375,2025-05-01T15:59:13.708Z,2025-05-01T15:59:19.462Z,2025-05-01T15:59:16.206Z,"ExecutionSpans([DoubleSliceSpan(<start='2025-05-01 15:59:16', stop='2025-05-01 15:59:18', size=4096>)])",1.704585
completed,13,7,28,"{""h"": 10, ""cx"": 7, ""sdg"": 4, ""s"": 4, ""measure"": 2, ""cz"": 1}",5,2,0,0,False,False,2,6,ibm,fixed_payload_experiments,"{""01"": 722, ""11"": 946, ""10"": 1566, ""00"": 862}",0.21044921875,d09smybqnmvg00870b8g,ibm_sherbrooke,1,2.0,2.0,completed,0.21044921875,2025-05-01T15:59:53.763Z,2025-05-01T16:00:04.065Z,2025-05-01T15:59:56.184Z,"ExecutionSpans([DoubleSliceSpan(<start='2025-05-01 16:00:01', stop='2025-05-01 16:00:03', size=4096>)])",1.743341
completed,13,7,28,"{""h"": 10, ""cx"": 7, ""s"": 3, ""sdg"": 3, ""z"": 2, ""measure"": 2, ""cz"": 1}",5,2,0,0,False,False,2,6,ibm,fixed_payload_experiments,"{""00"": 2339, ""10"": 346, ""01"": 248, ""11"": 1163}",0.571044921875,d09sn6cnhqag008pef20,ibm_sherbrooke,2,2.0,2.0,completed,0.571044921875,2025-05-01T16:00:25.279Z,2025-05-01T16:00:32.956Z,2025-05-01T16:00:27.279Z,"ExecutionSpans([DoubleSliceSpan(<start='2025-05-01 16:00:30', stop='2025-05-01 16:00:32', size=4096>)])",1.751264
completed,13,7,28,"{""cx"": 7, ""h"": 6, ""z"": 4, ""sdg"": 2, ""s"": 2, ""x"": 2, ""y"": 2, ""measure"": 2, ""cz"": 1}",5,2,0,0,False,False,2,6,ibm,fixed_payload_experiments,"{""11"": 735, ""01"": 322, ""00"": 2410, ""10"": 629}",0.58837890625,d09sndx6rr3g0087691g,ibm_sherbrooke,3,2.0,2.0,completed,0.58837890625,2025-05-01T16:00:55.491Z,2025-05-01T16:01:01.864Z,2025-05-01T16:00:58.082Z,"ExecutionSpans([DoubleSliceSpan(<start='2025-05-01 16:00:59', stop='2025-05-01 16:01:00', size=4096>)])",1.906666
completed,13,7,28,"{""cx"": 7, ""h"": 6, ""y"": 4, ""sdg"": 3, ""s"": 3, ""z"": 2, ""measure"": 2, ""cz"": 1}",5,2,0,0,False,False,2,6,ibm,fixed_payload_experiments,"{""00"": 819, ""11"": 1026, ""10"": 1576, ""01"": 675}",0.199951171875,d09snkenhqag008pef80,ibm_sherbrooke,4,2.0,2.0,completed,0.199951171875,2025-05-01T16:01:17.146Z,2025-05-01T16:01:25.000Z,2025-05-01T16:01:19.912Z,"ExecutionSpans([DoubleSliceSpan(<start='2025-05-01 16:01:22', stop='2025-05-01 16:01:24', size=4096>)])",1.720536
completed,13,7,28,"{""h"": 8, ""cx"": 7, ""sdg"": 4, ""s"": 4, ""x"": 2, ""measure"": 2, ""cz"": 1}",5,2,0,0,False,False,2,6,ibm,fixed_payload_experiments,"{""00"": 1921, ""11"": 1035, ""01"": 466, ""10"": 674}",0.468994140625,d09sntqrxz8g008a436g,ibm_sherbrooke,5,2.0,2.0,completed,0.468994140625,2025-05-01T16:01:46.958Z,2025-05-01T16:01:57.827Z,2025-05-01T16:01:54.569Z,"ExecutionSpans([DoubleSliceSpan(<start='2025-05-01 16:01:55', stop='2025-05-01 16:01:57', size=4096>)])",1.771455
completed,13,7,28,"{""z"": 8, ""cx"": 7, ""h"": 6, ""y"": 2, ""measure"": 2, ""sdg"": 1, ""cz"": 1, ""s"": 1}",5,2,0,0,False,False,2,6,ibm,fixed_payload_experiments,"{""01"": 506, ""11"": 816, ""00"": 970, ""10"": 1804}",0.23681640625,d09sp28rxz8g008a4390,ibm_sherbrooke,6,2.0,2.0,completed,0.23681640625,2025-05-01T16:02:18.044Z,2025-05-01T16:02:24.540Z,2025-05-01T16:02:20.989Z,"ExecutionSpans([DoubleSliceSpan(<start='2025-05-01 16:02:21', stop='2025-05-01 16:02:23', size=4096>)])",1.7168700000000001
completed,13,7,28,"{""h"": 8, ""cx"": 7, ""sdg"": 3, ""s"": 3, ""y"": 2, ""z"": 2, ""measure"": 2, ""cz"": 1}",5,2,0,0,False,False,2,6,ibm,fixed_payload_experiments,"{""00"": 2356, ""01"": 333, ""10"": 645, ""11"": 762}",0.5751953125,d09sp91nhqag008pefe0,ibm_sherbrooke,7,2.0,2.0,completed,0.5751953125,2025-05-01T16:02:44.734Z,2025-05-01T16:02:54.128Z,2025-05-01T16:02:47.940Z,"ExecutionSpans([DoubleSliceSpan(<start='2025-05-01 16:02:51', stop='2025-05-01 16:02:53', size=4096>)])",1.771607
completed,13,7,28,"{""cx"": 7, ""h"": 6, ""x"": 4, ""y"": 2, ""s"": 2, ""sdg"": 2, ""z"": 2, ""measure"": 2, ""cz"": 1}",5,2,0,0,False,False,2,6,ibm,fixed_payload_experiments,"{""01"": 932, ""11"": 2069, ""00"": 491, ""10"": 604}",0.119873046875,d09sphad8drg008ymteg,ibm_sherbrooke,8,3.0,3.0,completed,0.119873046875,2025-05-01T16:03:17.367Z,2025-05-01T16:04:38.072Z,2025-05-01T16:04:25.591Z,"ExecutionSpans([DoubleSliceSpan(<start='2025-05-01 16:04:35', stop='2025-05-01 16:04:37', size=4096>)])",2.030536
completed,13,7,28,"{""h"": 8, ""cx"": 7, ""x"": 4, ""y"": 4, ""measure"": 2, ""s"": 1, ""cz"": 1, ""sdg"": 1}",5,2,0,0,False,False,2,6,ibm,fixed_payload_experiments,"{""11"": 2113, ""10"": 627, ""01"": 883, ""00"": 473}",0.115478515625,d09sqc5d8drg008ymtpg,ibm_sherbrooke,9,2.0,2.0,completed,0.115478515625,2025-05-01T16:05:05.260Z,2025-05-01T16:05:19.801Z,2025-05-01T16:05:08.098Z,"ExecutionSpans([DoubleSliceSpan(<start='2025-05-01 16:05:17', stop='2025-05-01 16:05:18', size=4096>)])",1.724691
completed,13,7,28,"{""h"": 10, ""cx"": 7, ""y"": 6, ""measure"": 2, ""sdg"": 1, ""cz"": 1, ""s"": 1}",5,2,0,0,False,False,2,6,ibm,fixed_payload_experiments,"{""11"": 512, ""10"": 1748, ""00"": 1050, ""01"": 786}",0.25634765625,d09sqmyrxz8g008a43kg,ibm_sherbrooke,10,2.0,2.0,completed,0.25634765625,2025-05-01T16:05:40.017Z,2025-05-01T16:05:47.897Z,2025-05-01T16:05:43.559Z,"ExecutionSpans([DoubleSliceSpan(<start='2025-05-01 16:05:45', stop='2025-05-01 16:05:46', size=4096>)])",1.784522
completed,13,7,28,"{""h"": 8, ""cx"": 7, ""z"": 4, ""x"": 2, ""sdg"": 2, ""s"": 2, ""measure"": 2, ""cz"": 1}",5,2,0,0,False,False,2,6,ibm,fixed_payload_experiments,"{""01"": 554, ""10"": 1817, ""00"": 936, ""11"": 789}",0.228515625,d09sqw76rr3g00876a00,ibm_sherbrooke,11,2.0,2.0,completed,0.228515625,2025-05-01T16:06:08.341Z,2025-05-01T16:06:15.938Z,2025-05-01T16:06:12.239Z,"ExecutionSpans([DoubleSliceSpan(<start='2025-05-01 16:06:13', stop='2025-05-01 16:06:14', size=4096>)])",1.697229
completed,13,7,28,"{""cx"": 7, ""h"": 6, ""x"": 4, ""sdg"": 2, ""z"": 2, ""y"": 2, ""s"": 2, ""measure"": 2, ""cz"": 1}",5,2,0,0,False,False,2,6,ibm,fixed_payload_experiments,"{""00"": 403, ""11"": 2034, ""01"": 940, ""10"": 719}",0.098388671875,d09sr30qnmvg00870cdg,ibm_sherbrooke,12,2.0,2.0,completed,0.098388671875,2025-05-01T16:06:36.463Z,2025-05-01T16:06:42.729Z,2025-05-01T16:06:39.047Z,"ExecutionSpans([DoubleSliceSpan(<start='2025-05-01 16:06:39', stop='2025-05-01 16:06:41', size=4096>)])",1.9435310000000001
completed,13,7,28,"{""h"": 8, ""cx"": 7, ""y"": 2, ""sdg"": 2, ""x"": 2, ""z"": 2, ""s"": 2, ""measure"": 2, ""cz"": 1}",5,2,0,0,False,False,2,6,ibm,fixed_payload_experiments,"{""11"": 786, ""00"": 1032, ""10"": 1549, ""01"": 729}",0.251953125,d09sra1d8drg008ymv40,ibm_sherbrooke,13,2.0,2.0,completed,0.251953125,2025-05-01T16:07:04.238Z,2025-05-01T16:07:10.239Z,2025-05-01T16:07:06.904Z,"ExecutionSpans([DoubleSliceSpan(<start='2025-05-01 16:07:07', stop='2025-05-01 16:07:09', size=4096>)])",1.730653
completed,13,7,28,"{""cx"": 7, ""h"": 6, ""y"": 6, ""x"": 4, ""measure"": 2, ""sdg"": 1, ""cz"": 1, ""s"": 1}",5,2,0,0,False,False,2,6,ibm,fixed_payload_experiments,"{""10"": 744, ""11"": 1986, ""01"": 903, ""00"": 463}",0.113037109375,d09srgjrxz8g008a43xg,ibm_sherbrooke,14,2.0,2.0,completed,0.113037109375,2025-05-01T16:07:30.547Z,2025-05-01T16:07:36.134Z,2025-05-01T16:07:33.144Z,"ExecutionSpans([DoubleSliceSpan(<start='2025-05-01 16:07:33', stop='2025-05-01 16:07:35', size=4096>)])",1.7242790000000001
completed,13,7,28,"{""h"": 8, ""cx"": 7, ""z"": 4, ""s"": 2, ""sdg"": 2, ""y"": 2, ""measure"": 2, ""cz"": 1}",5,2,0,0,False,False,2,6,ibm,fixed_payload_experiments,"{""11"": 855, ""10"": 809, ""00"": 2004, ""01"": 428}",0.4892578125,d09srr3kzhn0008v80cg,ibm_sherbrooke,15,2.0,2.0,completed,0.4892578125,2025-05-01T16:08:00.651Z,2025-05-01T16:11:05.819Z,2025-05-01T16:10:55.414Z,"ExecutionSpans([DoubleSliceSpan(<start='2025-05-01 16:11:02', stop='2025-05-01 16:11:04', size=4096>)])",1.9435769999999999
completed,13,7,28,"{""h"": 8, ""cx"": 7, ""y"": 4, ""s"": 3, ""sdg"": 3, ""measure"": 2, ""cz"": 1}",5,2,0,0,False,False,2,6,ibm,fixed_payload_experiments,"{""10"": 2172, ""00"": 1495, ""11"": 212, ""01"": 217}",0.364990234375,d09stb9qnmvg00870dt0,ibm_sherbrooke,16,2.0,2.0,completed,0.364990234375,2025-05-01T16:11:25.656Z,2025-05-01T16:16:25.562Z,2025-05-01T16:14:13.737Z,"ExecutionSpans([DoubleSliceSpan(<start='2025-05-01 16:16:22', stop='2025-05-01 16:16:24', size=4096>)])",1.7120090000000001
completed,13,7,28,"{""h"": 8, ""cx"": 7, ""y"": 4, ""sdg"": 2, ""s"": 2, ""z"": 2, ""measure"": 2, ""cz"": 1}",5,2,0,0,False,False,2,6,ibm,fixed_payload_experiments,"{""01"": 763, ""11"": 1118, ""00"": 830, ""10"": 1385}",0.20263671875,d09swwvqnmvg00870f2g,ibm_sherbrooke,17,2.0,2.0,completed,0.20263671875,2025-05-01T16:16:51.615Z,2025-05-01T16:20:04.774Z,2025-05-01T16:20:00.662Z,"ExecutionSpans([DoubleSliceSpan(<start='2025-05-01 16:20:02', stop='2025-05-01 16:20:03', size=4096>)])",1.76921
completed,13,7,28,"{""h"": 8, ""cx"": 7, ""s"": 3, ""sdg"": 3, ""y"": 2, ""z"": 2, ""measure"": 2, ""cz"": 1}",5,2,0,0,False,False,2,6,ibm,fixed_payload_experiments,"{""00"": 885, ""11"": 1066, ""01"": 568, ""10"": 1577}",0.216064453125,d09syhjrxz8g008a46d0,ibm_sherbrooke,18,4.0,4.0,completed,0.216064453125,2025-05-01T16:20:22.445Z,2025-05-01T16:24:30.174Z,2025-05-01T16:20:32.999Z,"ExecutionSpans([DoubleSliceSpan(<start='2025-05-01 16:24:26', stop='2025-05-01 16:24:29', size=4096>)])",3.169967
completed,13,7,28,"{""h"": 8, ""y"": 8, ""cx"": 7, ""x"": 2, ""measure"": 2, ""cz"": 1}",5,2,0,0,False,False,2,6,ibm,fixed_payload_experiments,"{""00"": 1040, ""10"": 1672, ""11"": 922, ""01"": 462}",0.25390625,d09t0njd8drg008ymybg,ibm_sherbrooke,19,2.0,2.0,completed,0.25390625,2025-05-01T16:24:54.357Z,2025-05-01T16:28:37.321Z,2025-05-01T16:25:09.567Z,"ExecutionSpans([DoubleSliceSpan(<start='2025-05-01 16:28:34', stop='2025-05-01 16:28:36', size=4096>)])",1.7599369999999999
completed,13,7,28,"{""h"": 8, ""cx"": 7, ""s"": 4, ""sdg"": 4, ""y"": 2, ""measure"": 2, ""cz"": 1}",5,2,0,0,False,False,2,6,ibm,fixed_payload_experiments,"{""10"": 1250, ""00"": 576, ""01"": 1701, ""11"": 569}",0.140625,d09t2m26rr3g00876ds0,ibm_sherbrooke,20,2.0,2.0,completed,0.140625,2025-05-01T16:29:05.221Z,2025-05-01T16:29:30.366Z,2025-05-01T16:29:08.190Z,"ExecutionSpans([DoubleSliceSpan(<start='2025-05-01 16:29:27', stop='2025-05-01 16:29:29', size=4096>)])",1.93105
completed,15,9,39,"{""h"": 10, ""cx"": 9, ""s"": 6, ""sdg"": 6, ""measure"": 3, ""z"": 2, ""x"": 2, ""cz"": 1}",6,3,0,0,False,False,3,9,ibm,fixed_payload_experiments,"{""000"": 297, ""101"": 779, ""111"": 558, ""001"": 748, ""011"": 569, ""110"": 432, ""010"": 399, ""100"": 314}",0.072509765625,d09t2zkqnmvg00870gh0,ibm_sherbrooke,1,2.0,2.0,completed,0.072509765625,2025-05-01T16:29:51.126Z,2025-05-01T16:29:57.040Z,2025-05-01T16:29:53.660Z,"ExecutionSpans([DoubleSliceSpan(<start='2025-05-01 16:29:54', stop='2025-05-01 16:29:56', size=4096>)])",1.748427
completed,15,9,39,"{""h"": 12, ""cx"": 9, ""y"": 4, ""s"": 3, ""sdg"": 3, ""measure"": 3, ""z"": 2, ""x"": 2, ""cz"": 1}",6,3,0,0,False,False,3,9,ibm,fixed_payload_experiments,"{""000"": 444, ""011"": 512, ""111"": 469, ""001"": 444, ""100"": 540, ""101"": 501, ""010"": 538, ""110"": 648}",0.1083984375,d09t6e9d8drg008yn070,ibm_sherbrooke,1,2.0,2.0,completed,0.1083984375,2025-05-01T16:37:14.041Z,2025-05-01T16:37:35.002Z,2025-05-01T16:37:29.842Z,"ExecutionSpans([DoubleSliceSpan(<start='2025-05-01 16:37:32', stop='2025-05-01 16:37:34', size=4096>)])",1.947826
completed,15,9,39,"{""h"": 12, ""cx"": 9, ""s"": 6, ""sdg"": 6, ""measure"": 3, ""z"": 2, ""cz"": 1}",6,3,0,0,False,False,3,9,ibm,fixed_payload_experiments,"{""010"": 993, ""011"": 166, ""110"": 766, ""000"": 657, ""100"": 1052, ""111"": 163, ""101"": 185, ""001"": 114}",0.160400390625,d09t6tbqnmvg00870j4g,ibm_sherbrooke,2,2.0,2.0,completed,0.160400390625,2025-05-01T16:38:01.989Z,2025-05-01T16:38:08.785Z,2025-05-01T16:38:05.124Z,"ExecutionSpans([DoubleSliceSpan(<start='2025-05-01 16:38:06', stop='2025-05-01 16:38:07', size=4096>)])",1.770043
completed,15,9,39,"{""h"": 12, ""cx"": 9, ""s"": 4, ""sdg"": 4, ""y"": 4, ""measure"": 3, ""z"": 2, ""cz"": 1}",6,3,0,0,False,False,3,9,ibm,fixed_payload_experiments,"{""011"": 526, ""100"": 516, ""101"": 491, ""001"": 542, ""010"": 477, ""111"": 497, ""000"": 522, ""110"": 525}",0.12744140625,d09t71md8drg008yn0gg,ibm_sherbrooke,3,2.0,2.0,completed,0.12744140625,2025-05-01T16:38:30.166Z,2025-05-01T16:38:36.598Z,2025-05-01T16:38:32.935Z,"ExecutionSpans([DoubleSliceSpan(<start='2025-05-01 16:38:33', stop='2025-05-01 16:38:35', size=4096>)])",1.756847
completed,15,9,39,"{""h"": 14, ""cx"": 9, ""z"": 4, ""s"": 3, ""sdg"": 3, ""measure"": 3, ""x"": 2, ""cz"": 1}",6,3,0,0,False,False,3,9,ibm,fixed_payload_experiments,"{""110"": 530, ""010"": 453, ""111"": 543, ""001"": 509, ""000"": 523, ""100"": 479, ""011"": 498, ""101"": 561}",0.127685546875,d09t78dnhqag008penk0,ibm_sherbrooke,4,2.0,2.0,completed,0.127685546875,2025-05-01T16:38:57.914Z,2025-05-01T16:39:04.925Z,2025-05-01T16:39:01.415Z,"ExecutionSpans([DoubleSliceSpan(<start='2025-05-01 16:39:02', stop='2025-05-01 16:39:03', size=4096>)])",1.795954
completed,15,9,39,"{""h"": 12, ""cx"": 9, ""sdg"": 5, ""s"": 5, ""z"": 4, ""measure"": 3, ""cz"": 1}",6,3,0,0,False,False,3,9,ibm,fixed_payload_experiments,"{""110"": 383, ""011"": 689, ""010"": 521, ""100"": 387, ""111"": 533, ""001"": 612, ""000"": 558, ""101"": 413}",0.13623046875,d09t7ex6rr3g00876feg,ibm_sherbrooke,5,2.0,2.0,completed,0.13623046875,2025-05-01T16:39:23.870Z,2025-05-01T16:39:31.988Z,2025-05-01T16:39:26.477Z,"ExecutionSpans([DoubleSliceSpan(<start='2025-05-01 16:39:27', stop='2025-05-01 16:39:29', size=4096>)])",1.7643710000000001
completed,15,9,39,"{""h"": 12, ""cx"": 9, ""s"": 4, ""sdg"": 4, ""x"": 4, ""measure"": 3, ""z"": 2, ""cz"": 1}",6,3,0,0,False,False,3,9,ibm,fixed_payload_experiments,"{""110"": 300, ""100"": 904, ""001"": 825, ""101"": 753, ""000"": 548, ""010"": 231, ""111"": 310, ""011"": 225}",0.1337890625,d09t7pykzhn0008v85gg,ibm_sherbrooke,6,2.0,2.0,completed,0.1337890625,2025-05-01T16:39:55.725Z,2025-05-01T16:40:04.639Z,2025-05-01T16:39:58.325Z,"ExecutionSpans([DoubleSliceSpan(<start='2025-05-01 16:40:01', stop='2025-05-01 16:40:03', size=4096>)])",1.7821690000000001
completed,15,9,39,"{""h"": 12, ""cx"": 9, ""z"": 6, ""x"": 4, ""y"": 4, ""measure"": 3, ""cz"": 1}",6,3,0,0,False,False,3,9,ibm,fixed_payload_experiments,"{""001"": 548, ""010"": 841, ""100"": 308, ""011"": 501, ""111"": 437, ""110"": 431, ""000"": 682, ""101"": 348}",0.16650390625,d09t7y7qnmvg00870jy0,ibm_sherbrooke,7,2.0,2.0,completed,0.16650390625,2025-05-01T16:40:24.517Z,2025-05-01T16:40:30.545Z,2025-05-01T16:40:27.024Z,"ExecutionSpans([DoubleSliceSpan(<start='2025-05-01 16:40:27', stop='2025-05-01 16:40:29', size=4096>)])",1.787085
completed,15,9,39,"{""h"": 18, ""cx"": 9, ""y"": 4, ""measure"": 3, ""s"": 2, ""sdg"": 2, ""cz"": 1}",6,3,0,0,False,False,3,9,ibm,fixed_payload_experiments,"{""111"": 466, ""000"": 635, ""011"": 577, ""100"": 419, ""101"": 374, ""001"": 540, ""010"": 670, ""110"": 415}",0.155029296875,d09t840rxz8g008a49r0,ibm_sherbrooke,8,2.0,2.0,completed,0.155029296875,2025-05-01T16:40:48.426Z,2025-05-01T16:40:54.710Z,2025-05-01T16:40:51.459Z,"ExecutionSpans([DoubleSliceSpan(<start='2025-05-01 16:40:52', stop='2025-05-01 16:40:53', size=4096>)])",1.7531590000000001
completed,15,9,39,"{""x"": 12, ""h"": 10, ""cx"": 9, ""measure"": 3, ""z"": 2, ""sdg"": 1, ""cz"": 1, ""s"": 1}",6,3,0,0,False,False,3,9,ibm,fixed_payload_experiments,"{""101"": 398, ""001"": 523, ""100"": 457, ""111"": 423, ""010"": 704, ""000"": 555, ""011"": 530, ""110"": 506}",0.135498046875,d09t8a9nhqag008pep70,ibm_sherbrooke,9,2.0,2.0,completed,0.135498046875,2025-05-01T16:41:14.086Z,2025-05-01T16:41:19.722Z,2025-05-01T16:41:16.382Z,"ExecutionSpans([DoubleSliceSpan(<start='2025-05-01 16:41:17', stop='2025-05-01 16:41:18', size=4096>)])",1.755763
completed,15,9,39,"{""cx"": 9, ""h"": 8, ""y"": 6, ""sdg"": 5, ""s"": 5, ""measure"": 3, ""z"": 2, ""cz"": 1}",6,3,0,0,False,False,3,9,ibm,fixed_payload_experiments,"{""111"": 276, ""010"": 362, ""001"": 438, ""110"": 540, ""100"": 1205, ""101"": 197, ""011"": 471, ""000"": 607}",0.148193359375,d09t8gjd8drg008yn1bg,ibm_sherbrooke,10,2.0,2.0,completed,0.148193359375,2025-05-01T16:41:38.280Z,2025-05-01T16:41:44.026Z,2025-05-01T16:41:40.536Z,"ExecutionSpans([DoubleSliceSpan(<start='2025-05-01 16:41:41', stop='2025-05-01 16:41:43', size=4096>)])",1.7526730000000001
completed,15,9,39,"{""cx"": 9, ""h"": 8, ""x"": 4, ""y"": 4, ""s"": 4, ""sdg"": 4, ""measure"": 3, ""z"": 2, ""cz"": 1}",6,3,0,0,False,False,3,9,ibm,fixed_payload_experiments,"{""011"": 773, ""000"": 374, ""100"": 405, ""110"": 313, ""111"": 504, ""001"": 849, ""101"": 569, ""010"": 309}",0.09130859375,d09t8pjnhqag008pepcg,ibm_sherbrooke,11,2.0,2.0,completed,0.09130859375,2025-05-01T16:42:03.146Z,2025-05-01T16:42:11.166Z,2025-05-01T16:42:05.939Z,"ExecutionSpans([DoubleSliceSpan(<start='2025-05-01 16:42:08', stop='2025-05-01 16:42:10', size=4096>)])",1.8403580000000002
completed,15,9,39,"{""cx"": 9, ""h"": 8, ""y"": 6, ""z"": 4, ""sdg"": 3, ""s"": 3, ""measure"": 3, ""x"": 2, ""cz"": 1}",6,3,0,0,False,False,3,9,ibm,fixed_payload_experiments,"{""000"": 539, ""011"": 463, ""101"": 436, ""111"": 482, ""010"": 479, ""100"": 628, ""110"": 593, ""001"": 476}",0.131591796875,d09t8y36rr3g00876gb0,ibm_sherbrooke,12,2.0,2.0,completed,0.131591796875,2025-05-01T16:42:32.891Z,2025-05-01T16:42:44.298Z,2025-05-01T16:42:38.481Z,"ExecutionSpans([DoubleSliceSpan(<start='2025-05-01 16:42:41', stop='2025-05-01 16:42:43', size=4096>)])",1.7491219999999998
completed,15,9,39,"{""h"": 14, ""cx"": 9, ""x"": 4, ""sdg"": 3, ""s"": 3, ""measure"": 3, ""z"": 2, ""cz"": 1}",6,3,0,0,False,False,3,9,ibm,fixed_payload_experiments,"{""100"": 1347, ""011"": 295, ""000"": 719, ""101"": 243, ""010"": 477, ""111"": 433, ""110"": 364, ""001"": 218}",0.175537109375,d09t95wnhqag008pepkg,ibm_sherbrooke,13,2.0,2.0,completed,0.175537109375,2025-05-01T16:43:03.750Z,2025-05-01T16:43:11.310Z,2025-05-01T16:43:06.730Z,"ExecutionSpans([DoubleSliceSpan(<start='2025-05-01 16:43:08', stop='2025-05-01 16:43:10', size=4096>)])",1.791247
completed,15,9,39,"{""h"": 10, ""cx"": 9, ""y"": 6, ""z"": 6, ""measure"": 3, ""x"": 2, ""s"": 1, ""cz"": 1, ""sdg"": 1}",6,3,0,0,False,False,3,9,ibm,fixed_payload_experiments,"{""101"": 390, ""000"": 744, ""010"": 901, ""001"": 429, ""111"": 314, ""011"": 407, ""100"": 429, ""110"": 482}",0.181640625,d09t9ed6rr3g00876gp0,ibm_sherbrooke,14,2.0,2.0,completed,0.181640625,2025-05-01T16:43:37.380Z,2025-05-01T16:43:45.897Z,2025-05-01T16:43:39.951Z,"ExecutionSpans([DoubleSliceSpan(<start='2025-05-01 16:43:43', stop='2025-05-01 16:43:45', size=4096>)])",1.746548
completed,15,9,39,"{""h"": 12, ""cx"": 9, ""s"": 5, ""sdg"": 5, ""measure"": 3, ""x"": 2, ""y"": 2, ""cz"": 1}",6,3,0,0,False,False,3,9,ibm,fixed_payload_experiments,"{""001"": 481, ""100"": 549, ""110"": 626, ""000"": 481, ""111"": 559, ""101"": 408, ""010"": 567, ""011"": 425}",0.117431640625,d09t9p6kzhn0008v86f0,ibm_sherbrooke,15,3.0,3.0,completed,0.117431640625,2025-05-01T16:44:09.067Z,2025-05-01T16:44:17.100Z,2025-05-01T16:44:11.541Z,"ExecutionSpans([DoubleSliceSpan(<start='2025-05-01 16:44:13', stop='2025-05-01 16:44:16', size=4096>)])",2.631931
completed,15,9,39,"{""h"": 10, ""cx"": 9, ""z"": 4, ""x"": 4, ""sdg"": 3, ""s"": 3, ""measure"": 3, ""y"": 2, ""cz"": 1}",6,3,0,0,False,False,3,9,ibm,fixed_payload_experiments,"{""101"": 522, ""000"": 440, ""110"": 526, ""100"": 527, ""011"": 537, ""111"": 540, ""001"": 508, ""010"": 496}",0.107421875,d09t9x7nhqag008pepx0,ibm_sherbrooke,16,2.0,2.0,completed,0.107421875,2025-05-01T16:44:36.365Z,2025-05-01T16:44:42.288Z,2025-05-01T16:44:38.864Z,"ExecutionSpans([DoubleSliceSpan(<start='2025-05-01 16:44:39', stop='2025-05-01 16:44:41', size=4096>)])",1.7490130000000002
completed,15,9,39,"{""h"": 12, ""cx"": 9, ""z"": 6, ""x"": 4, ""measure"": 3, ""s"": 2, ""sdg"": 2, ""cz"": 1}",6,3,0,0,False,False,3,9,ibm,fixed_payload_experiments,"{""000"": 576, ""100"": 476, ""011"": 478, ""001"": 522, ""110"": 592, ""101"": 424, ""111"": 482, ""010"": 546}",0.140625,d09ta4rkzhn0008v86rg,ibm_sherbrooke,17,2.0,2.0,completed,0.140625,2025-05-01T16:45:07.850Z,2025-05-01T16:45:15.807Z,2025-05-01T16:45:12.170Z,"ExecutionSpans([DoubleSliceSpan(<start='2025-05-01 16:45:13', stop='2025-05-01 16:45:14', size=4096>)])",1.7619470000000002
completed,15,9,39,"{""h"": 12, ""cx"": 9, ""s"": 4, ""z"": 4, ""sdg"": 4, ""measure"": 3, ""y"": 2, ""cz"": 1}",6,3,0,0,False,False,3,9,ibm,fixed_payload_experiments,"{""001"": 563, ""111"": 443, ""011"": 449, ""101"": 474, ""100"": 436, ""110"": 461, ""010"": 707, ""000"": 563}",0.137451171875,d09tac1kzhn0008v86wg,ibm_sherbrooke,18,2.0,2.0,completed,0.137451171875,2025-05-01T16:45:36.811Z,2025-05-01T16:45:45.595Z,2025-05-01T16:45:39.695Z,"ExecutionSpans([DoubleSliceSpan(<start='2025-05-01 16:45:42', stop='2025-05-01 16:45:44', size=4096>)])",1.9784169999999999
completed,15,9,39,"{""h"": 10, ""cx"": 9, ""x"": 6, ""y"": 4, ""measure"": 3, ""sdg"": 2, ""s"": 2, ""z"": 2, ""cz"": 1}",6,3,0,0,False,False,3,9,ibm,fixed_payload_experiments,"{""110"": 588, ""100"": 513, ""111"": 500, ""000"": 548, ""011"": 486, ""101"": 429, ""010"": 470, ""001"": 562}",0.1337890625,d09tamarxz8g008a4bc0,ibm_sherbrooke,19,2.0,2.0,completed,0.1337890625,2025-05-01T16:46:09.876Z,2025-05-01T16:46:24.664Z,2025-05-01T16:46:15.595Z,"ExecutionSpans([DoubleSliceSpan(<start='2025-05-01 16:46:22', stop='2025-05-01 16:46:23', size=4096>)])",1.754382
completed,15,9,39,"{""h"": 10, ""cx"": 9, ""z"": 6, ""s"": 3, ""sdg"": 3, ""measure"": 3, ""x"": 2, ""y"": 2, ""cz"": 1}",6,3,0,0,False,False,3,9,ibm,fixed_payload_experiments,"{""100"": 451, ""001"": 494, ""101"": 483, ""000"": 591, ""110"": 445, ""011"": 555, ""111"": 498, ""010"": 579}",0.144287109375,d09tazk6rr3g00876hwg,ibm_sherbrooke,20,3.0,3.0,completed,0.144287109375,2025-05-01T16:46:54.662Z,2025-05-01T16:47:55.160Z,2025-05-01T16:47:46.338Z,"ExecutionSpans([DoubleSliceSpan(<start='2025-05-01 16:47:51', stop='2025-05-01 16:47:53', size=4096>)])",2.268754
completed,17,11,50,"{""h"": 14, ""cx"": 11, ""y"": 6, ""x"": 4, ""z"": 4, ""measure"": 4, ""sdg"": 3, ""s"": 3, ""cz"": 1}",7,4,0,0,False,False,4,12,ibm,fixed_payload_experiments,"{""0111"": 234, ""1110"": 290, ""1001"": 329, ""0110"": 288, ""0101"": 264, ""0100"": 238, ""1100"": 218, ""1111"": 243, ""1011"": 262, ""0001"": 406, ""1101"": 201, ""1000"": 142, ""0011"": 405, ""0000"": 191, ""0010"": 232, ""1010"": 153}",0.046630859375,d09tbnp6rr3g00876jcg,ibm_sherbrooke,1,2.0,2.0,completed,0.046630859375,2025-05-01T16:48:23.057Z,2025-05-01T16:48:29.921Z,2025-05-01T16:48:26.459Z,"ExecutionSpans([DoubleSliceSpan(<start='2025-05-01 16:48:27', stop='2025-05-01 16:48:29', size=4096>)])",1.790588
completed,17,11,50,"{""h"": 12, ""cx"": 11, ""s"": 5, ""sdg"": 5, ""z"": 4, ""y"": 4, ""x"": 4, ""measure"": 4, ""cz"": 1}",7,4,0,0,False,False,4,12,ibm,fixed_payload_experiments,"{""0110"": 291, ""1100"": 139, ""1101"": 185, ""1010"": 197, ""1000"": 209, ""1110"": 189, ""0100"": 247, ""1001"": 198, ""0111"": 273, ""0010"": 263, ""1111"": 189, ""0011"": 315, ""0000"": 478, ""0101"": 369, ""0001"": 360, ""1011"": 194}",0.11669921875,d09tbxf6rr3g00876jhg,ibm_sherbrooke,2,2.0,2.0,completed,0.11669921875,2025-05-01T16:48:53.527Z,2025-05-01T16:49:00.473Z,2025-05-01T16:48:57.103Z,"ExecutionSpans([DoubleSliceSpan(<start='2025-05-01 16:48:57', stop='2025-05-01 16:48:59', size=4096>)])",1.778078
completed,17,11,50,"{""h"": 12, ""cx"": 11, ""s"": 7, ""sdg"": 7, ""z"": 4, ""measure"": 4, ""x"": 2, ""y"": 2, ""cz"": 1}",7,4,0,0,False,False,4,12,ibm,fixed_payload_experiments,"{""0110"": 260, ""0100"": 233, ""1100"": 230, ""1011"": 385, ""1110"": 261, ""0011"": 209, ""0010"": 259, ""1101"": 234, ""1010"": 257, ""1001"": 393, ""1111"": 260, ""0111"": 200, ""0101"": 174, ""0000"": 277, ""0001"": 213, ""1000"": 251}",0.067626953125,d09tc60nhqag008perj0,ibm_sherbrooke,3,2.0,2.0,completed,0.067626953125,2025-05-01T16:49:28.587Z,2025-05-01T16:49:36.547Z,2025-05-01T16:49:33.077Z,"ExecutionSpans([DoubleSliceSpan(<start='2025-05-01 16:49:33', stop='2025-05-01 16:49:35', size=4096>)])",1.7805149999999998
completed,17,11,50,"{""h"": 16, ""cx"": 11, ""z"": 6, ""x"": 4, ""y"": 4, ""measure"": 4, ""s"": 2, ""sdg"": 2, ""cz"": 1}",7,4,0,0,False,False,4,12,ibm,fixed_payload_experiments,"{""1001"": 304, ""0101"": 190, ""1010"": 282, ""1000"": 341, ""0010"": 225, ""0100"": 254, ""0000"": 238, ""0001"": 250, ""0110"": 221, ""1100"": 283, ""0011"": 249, ""1111"": 257, ""1110"": 228, ""0111"": 230, ""1101"": 262, ""1011"": 282}",0.05810546875,d09tcc9d8drg008yn44g,ibm_sherbrooke,4,2.0,2.0,completed,0.05810546875,2025-05-01T16:49:53.222Z,2025-05-01T16:50:12.261Z,2025-05-01T16:49:55.820Z,"ExecutionSpans([DoubleSliceSpan(<start='2025-05-01 16:50:09', stop='2025-05-01 16:50:11', size=4096>)])",1.789544
completed,17,11,50,"{""cx"": 11, ""h"": 10, ""z"": 8, ""x"": 6, ""sdg"": 4, ""s"": 4, ""measure"": 4, ""y"": 2, ""cz"": 1}",7,4,0,0,False,False,4,12,ibm,fixed_payload_experiments,"{""0011"": 363, ""1010"": 149, ""0101"": 258, ""0110"": 514, ""1111"": 180, ""0000"": 327, ""1011"": 210, ""1000"": 159, ""0111"": 267, ""0100"": 391, ""0010"": 288, ""1100"": 151, ""0001"": 285, ""1001"": 159, ""1110"": 210, ""1101"": 185}",0.079833984375,d09tcpj6rr3g00876kag,ibm_sherbrooke,5,3.0,3.0,completed,0.079833984375,2025-05-01T16:50:35.093Z,2025-05-01T16:50:46.982Z,2025-05-01T16:50:37.864Z,"ExecutionSpans([DoubleSliceSpan(<start='2025-05-01 16:50:44', stop='2025-05-01 16:50:46', size=4096>)])",2.005377
completed,17,11,50,"{""h"": 16, ""cx"": 11, ""sdg"": 4, ""s"": 4, ""x"": 4, ""z"": 4, ""measure"": 4, ""y"": 2, ""cz"": 1}",7,4,0,0,False,False,4,12,ibm,fixed_payload_experiments,"{""1101"": 243, ""1011"": 209, ""1001"": 256, ""1100"": 207, ""0100"": 313, ""1110"": 187, ""1000"": 216, ""0101"": 284, ""1111"": 233, ""0011"": 235, ""0000"": 362, ""0111"": 234, ""1010"": 221, ""0110"": 288, ""0001"": 297, ""0010"": 311}",0.08837890625,d09tcxvkzhn0008v8950,ibm_sherbrooke,6,2.0,2.0,completed,0.08837890625,2025-05-01T16:51:03.213Z,2025-05-01T16:51:09.201Z,2025-05-01T16:51:05.719Z,"ExecutionSpans([DoubleSliceSpan(<start='2025-05-01 16:51:06', stop='2025-05-01 16:51:08', size=4096>)])",1.761658
completed,17,11,50,"{""h"": 18, ""cx"": 11, ""sdg"": 4, ""s"": 4, ""y"": 4, ""measure"": 4, ""x"": 2, ""z"": 2, ""cz"": 1}",7,4,0,0,False,False,4,12,ibm,fixed_payload_experiments,"{""0110"": 383, ""1111"": 177, ""1001"": 138, ""0011"": 346, ""1110"": 221, ""0100"": 269, ""0010"": 307, ""0111"": 388, ""1011"": 156, ""1100"": 160, ""1000"": 188, ""0001"": 388, ""1010"": 160, ""1101"": 145, ""0101"": 339, ""0000"": 331}",0.080810546875,d09td4cqnmvg00870pjg,ibm_sherbrooke,7,2.0,2.0,completed,0.080810546875,2025-05-01T16:51:29.236Z,2025-05-01T16:51:36.083Z,2025-05-01T16:51:32.712Z,"ExecutionSpans([DoubleSliceSpan(<start='2025-05-01 16:51:33', stop='2025-05-01 16:51:35', size=4096>)])",1.762977
completed,17,11,50,"{""h"": 14, ""cx"": 11, ""sdg"": 7, ""s"": 7, ""x"": 4, ""measure"": 4, ""y"": 2, ""cz"": 1}",7,4,0,0,False,False,4,12,ibm,fixed_payload_experiments,"{""1111"": 218, ""0010"": 205, ""0000"": 392, ""0001"": 462, ""1110"": 220, ""1100"": 185, ""0101"": 311, ""1001"": 216, ""1010"": 259, ""0111"": 216, ""0100"": 377, ""0011"": 251, ""1011"": 208, ""0110"": 220, ""1101"": 163, ""1000"": 193}",0.095703125,d09tdadkzhn0008v89d0,ibm_sherbrooke,8,2.0,2.0,completed,0.095703125,2025-05-01T16:51:53.327Z,2025-05-01T16:51:59.379Z,2025-05-01T16:51:55.874Z,"ExecutionSpans([DoubleSliceSpan(<start='2025-05-01 16:51:56', stop='2025-05-01 16:51:58', size=4096>)])",1.7877
completed,17,11,50,"{""h"": 12, ""cx"": 11, ""z"": 10, ""s"": 4, ""sdg"": 4, ""measure"": 4, ""y"": 2, ""x"": 2, ""cz"": 1}",7,4,0,0,False,False,4,12,ibm,fixed_payload_experiments,"{""0000"": 328, ""0100"": 376, ""0010"": 397, ""1100"": 225, ""0110"": 370, ""1000"": 198, ""1110"": 223, ""1001"": 205, ""1011"": 183, ""0001"": 267, ""0111"": 255, ""1010"": 184, ""0101"": 243, ""0011"": 277, ""1111"": 194, ""1101"": 171}",0.080078125,d09tdgenhqag008pesag,ibm_sherbrooke,9,2.0,2.0,completed,0.080078125,2025-05-01T16:52:17.508Z,2025-05-01T16:52:23.720Z,2025-05-01T16:52:20.480Z,"ExecutionSpans([DoubleSliceSpan(<start='2025-05-01 16:52:21', stop='2025-05-01 16:52:22', size=4096>)])",1.785603
completed,17,11,50,"{""cx"": 11, ""h"": 10, ""x"": 6, ""z"": 6, ""s"": 5, ""sdg"": 5, ""measure"": 4, ""y"": 2, ""cz"": 1}",7,4,0,0,False,False,4,12,ibm,fixed_payload_experiments,"{""1111"": 214, ""0111"": 209, ""1100"": 256, ""0101"": 257, ""1000"": 243, ""0000"": 302, ""0010"": 325, ""1110"": 281, ""1010"": 230, ""0100"": 281, ""1001"": 216, ""0011"": 288, ""1101"": 210, ""0110"": 266, ""0001"": 304, ""1011"": 214}",0.07373046875,d09tdppd8drg008yn50g,ibm_sherbrooke,10,2.0,2.0,completed,0.07373046875,2025-05-01T16:52:42.609Z,2025-05-01T16:52:49.042Z,2025-05-01T16:52:45.559Z,"ExecutionSpans([DoubleSliceSpan(<start='2025-05-01 16:52:46', stop='2025-05-01 16:52:48', size=4096>)])",1.786864
completed,17,11,50,"{""h"": 16, ""cx"": 11, ""sdg"": 5, ""s"": 5, ""z"": 4, ""measure"": 4, ""y"": 2, ""x"": 2, ""cz"": 1}",7,4,0,0,False,False,4,12,ibm,fixed_payload_experiments,"{""0010"": 363, ""0101"": 299, ""0110"": 369, ""1101"": 157, ""0000"": 345, ""1000"": 147, ""0111"": 416, ""0001"": 366, ""0100"": 368, ""1110"": 147, ""0011"": 366, ""1011"": 166, ""1010"": 149, ""1100"": 153, ""1001"": 119, ""1111"": 166}",0.084228515625,d09tdwzd8drg008yn540,ibm_sherbrooke,11,2.0,2.0,completed,0.084228515625,2025-05-01T16:53:08.098Z,2025-05-01T16:53:14.092Z,2025-05-01T16:53:10.736Z,"ExecutionSpans([DoubleSliceSpan(<start='2025-05-01 16:53:11', stop='2025-05-01 16:53:13', size=4096>)])",1.757665
completed,17,11,50,"{""h"": 14, ""cx"": 11, ""x"": 6, ""y"": 4, ""z"": 4, ""measure"": 4, ""s"": 3, ""sdg"": 3, ""cz"": 1}",7,4,0,0,False,False,4,12,ibm,fixed_payload_experiments,"{""0010"": 332, ""1101"": 183, ""0000"": 334, ""0110"": 413, ""1011"": 132, ""0011"": 353, ""0100"": 407, ""0111"": 316, ""0001"": 304, ""1110"": 200, ""0101"": 315, ""1111"": 176, ""1010"": 169, ""1001"": 142, ""1000"": 151, ""1100"": 169}",0.08154296875,d09te2rnhqag008pesng,ibm_sherbrooke,12,2.0,2.0,completed,0.08154296875,2025-05-01T16:53:31.472Z,2025-05-01T16:53:37.933Z,2025-05-01T16:53:34.176Z,"ExecutionSpans([DoubleSliceSpan(<start='2025-05-01 16:53:34', stop='2025-05-01 16:53:36', size=4096>)])",1.7759580000000001
completed,17,11,50,"{""h"": 14, ""cx"": 11, ""s"": 6, ""sdg"": 6, ""z"": 4, ""measure"": 4, ""x"": 2, ""y"": 2, ""cz"": 1}",7,4,0,0,False,False,4,12,ibm,fixed_payload_experiments,"{""1110"": 248, ""0110"": 350, ""0001"": 292, ""1000"": 163, ""0010"": 253, ""1010"": 182, ""1001"": 172, ""0011"": 243, ""0100"": 420, ""1101"": 189, ""1100"": 235, ""0000"": 313, ""0101"": 301, ""0111"": 329, ""1011"": 197, ""1111"": 209}",0.076416015625,d09te8snhqag008pespg,ibm_sherbrooke,13,2.0,2.0,completed,0.076416015625,2025-05-01T16:53:55.871Z,2025-05-01T16:54:02.127Z,2025-05-01T16:53:58.738Z,"ExecutionSpans([DoubleSliceSpan(<start='2025-05-01 16:53:59', stop='2025-05-01 16:54:01', size=4096>)])",1.7715969999999999
completed,17,11,50,"{""h"": 20, ""cx"": 11, ""s"": 5, ""sdg"": 5, ""measure"": 4, ""y"": 2, ""x"": 2, ""cz"": 1}",7,4,0,0,False,False,4,12,ibm,fixed_payload_experiments,"{""1111"": 141, ""0100"": 112, ""0010"": 603, ""0101"": 108, ""0000"": 844, ""0001"": 386, ""0011"": 308, ""0111"": 192, ""1001"": 228, ""1010"": 230, ""1110"": 110, ""1100"": 84, ""1000"": 311, ""1101"": 89, ""0110"": 190, ""1011"": 160}",0.2060546875,d09tefhqnmvg00870q40,ibm_sherbrooke,14,2.0,2.0,completed,0.2060546875,2025-05-01T16:54:22.227Z,2025-05-01T16:54:28.712Z,2025-05-01T16:54:25.014Z,"ExecutionSpans([DoubleSliceSpan(<start='2025-05-01 16:54:25', stop='2025-05-01 16:54:27', size=4096>)])",1.79764
completed,17,11,50,"{""h"": 14, ""cx"": 11, ""sdg"": 5, ""s"": 5, ""y"": 4, ""z"": 4, ""measure"": 4, ""x"": 2, ""cz"": 1}",7,4,0,0,False,False,4,12,ibm,fixed_payload_experiments,"{""1011"": 148, ""0100"": 534, ""1010"": 180, ""1101"": 155, ""0111"": 235, ""0011"": 344, ""0010"": 342, ""1111"": 169, ""0001"": 218, ""0101"": 542, ""0110"": 222, ""1110"": 153, ""1000"": 224, ""1001"": 231, ""1100"": 175, ""0000"": 224}",0.0546875,d09tep2d8drg008yn59g,ibm_sherbrooke,15,2.0,2.0,completed,0.0546875,2025-05-01T16:54:48.549Z,2025-05-01T16:54:54.479Z,2025-05-01T16:54:51.184Z,"ExecutionSpans([DoubleSliceSpan(<start='2025-05-01 16:54:51', stop='2025-05-01 16:54:53', size=4096>)])",1.786801
completed,17,11,50,"{""h"": 14, ""cx"": 11, ""sdg"": 8, ""s"": 8, ""measure"": 4, ""z"": 2, ""y"": 2, ""cz"": 1}",7,4,0,0,False,False,4,12,ibm,fixed_payload_experiments,"{""1001"": 189, ""0110"": 354, ""0000"": 367, ""0001"": 294, ""0111"": 293, ""0011"": 252, ""0100"": 506, ""0101"": 479, ""1010"": 150, ""1111"": 154, ""1000"": 168, ""0010"": 260, ""1011"": 149, ""1101"": 186, ""1110"": 123, ""1100"": 172}",0.089599609375,d09tewkqnmvg00870q60,ibm_sherbrooke,16,2.0,2.0,completed,0.089599609375,2025-05-01T16:55:14.663Z,2025-05-01T16:55:21.499Z,2025-05-01T16:55:17.560Z,"ExecutionSpans([DoubleSliceSpan(<start='2025-05-01 16:55:18', stop='2025-05-01 16:55:20', size=4096>)])",1.773147
completed,17,11,50,"{""h"": 16, ""cx"": 11, ""y"": 8, ""x"": 6, ""measure"": 4, ""s"": 2, ""sdg"": 2, ""cz"": 1}",7,4,0,0,False,False,4,12,ibm,fixed_payload_experiments,"{""1000"": 238, ""1010"": 233, ""0101"": 233, ""0000"": 394, ""1111"": 271, ""0010"": 177, ""0100"": 402, ""1110"": 221, ""0011"": 300, ""0001"": 308, ""0110"": 170, ""0111"": 279, ""1100"": 199, ""1001"": 209, ""1101"": 198, ""1011"": 264}",0.09619140625,d09tf3mqnmvg00870q70,ibm_sherbrooke,17,2.0,2.0,completed,0.09619140625,2025-05-01T16:55:42.820Z,2025-05-01T16:55:49.363Z,2025-05-01T16:55:45.776Z,"ExecutionSpans([DoubleSliceSpan(<start='2025-05-01 16:55:46', stop='2025-05-01 16:55:48', size=4096>)])",1.7966
completed,17,11,50,"{""h"": 14, ""cx"": 11, ""y"": 6, ""x"": 4, ""sdg"": 4, ""s"": 4, ""measure"": 4, ""z"": 2, ""cz"": 1}",7,4,0,0,False,False,4,12,ibm,fixed_payload_experiments,"{""0010"": 385, ""1111"": 206, ""1101"": 191, ""1010"": 190, ""1000"": 160, ""0100"": 312, ""0011"": 284, ""0111"": 278, ""0110"": 352, ""1001"": 197, ""0101"": 240, ""1011"": 215, ""1110"": 229, ""0000"": 356, ""0001"": 298, ""1100"": 203}",0.0869140625,d09tf9xd8drg008yn5e0,ibm_sherbrooke,18,2.0,2.0,completed,0.0869140625,2025-05-01T16:56:08.340Z,2025-05-01T16:56:14.432Z,2025-05-01T16:56:11.028Z,"ExecutionSpans([DoubleSliceSpan(<start='2025-05-01 16:56:11', stop='2025-05-01 16:56:13', size=4096>)])",1.757023
completed,17,11,50,"{""h"": 14, ""cx"": 11, ""z"": 8, ""x"": 4, ""measure"": 4, ""s"": 3, ""sdg"": 3, ""y"": 2, ""cz"": 1}",7,4,0,0,False,False,4,12,ibm,fixed_payload_experiments,"{""1010"": 279, ""0101"": 255, ""1110"": 288, ""1011"": 230, ""1000"": 261, ""1100"": 294, ""1101"": 233, ""0001"": 243, ""1111"": 247, ""0010"": 269, ""0011"": 252, ""0000"": 292, ""1001"": 216, ""0111"": 266, ""0100"": 215, ""0110"": 256}",0.0712890625,d09tfhekzhn0008v8a00,ibm_sherbrooke,19,2.0,2.0,completed,0.0712890625,2025-05-01T16:56:38.172Z,2025-05-01T16:56:45.277Z,2025-05-01T16:56:41.497Z,"ExecutionSpans([DoubleSliceSpan(<start='2025-05-01 16:56:42', stop='2025-05-01 16:56:44', size=4096>)])",1.845807
completed,17,11,50,"{""h"": 16, ""cx"": 11, ""y"": 8, ""x"": 4, ""measure"": 4, ""z"": 2, ""s"": 2, ""sdg"": 2, ""cz"": 1}",7,4,0,0,False,False,4,12,ibm,fixed_payload_experiments,"{""0110"": 302, ""1111"": 264, ""1101"": 330, ""0111"": 281, ""1011"": 259, ""1001"": 243, ""0101"": 206, ""0011"": 304, ""1110"": 281, ""0000"": 226, ""1010"": 270, ""1000"": 190, ""1100"": 277, ""0010"": 232, ""0001"": 267, ""0100"": 164}",0.05517578125,d09tfrqkzhn0008v8a20,ibm_sherbrooke,20,2.0,2.0,completed,0.05517578125,2025-05-01T16:57:06.938Z,2025-05-01T16:57:13.202Z,2025-05-01T16:57:09.609Z,"ExecutionSpans([DoubleSliceSpan(<start='2025-05-01 16:57:10', stop='2025-05-01 16:57:12', size=4096>)])",1.7842820000000001
completed,19,13,61,"{""h"": 16, ""cx"": 13, ""z"": 8, ""y"": 6, ""measure"": 5, ""sdg"": 4, ""x"": 4, ""s"": 4, ""cz"": 1}",8,5,0,0,False,False,5,15,ibm,fixed_payload_experiments,"{""11010"": 169, ""00111"": 131, ""11110"": 106, ""10000"": 94, ""00010"": 127, ""01100"": 135, ""00110"": 110, ""10111"": 126, ""01001"": 145, ""01101"": 134, ""10011"": 116, ""11101"": 191, ""01110"": 118, ""11111"": 129, ""00000"": 117, ""11001"": 178, ""01000"": 133, ""00100"": 127, ""10110"": 104, ""11100"": 118, ""01111"": 120, ""10100"": 105, ""11011"": 138, ""00011"": 125, ""01010"": 134, ""10101"": 103, ""00101"": 138, ""10010"": 106, ""00001"": 135, ""01011"": 124, ""10001"": 128, ""11000"": 132}",0.028564453125,d09tg186rr3g00876mb0,ibm_sherbrooke,1,2.0,2.0,completed,0.028564453125,2025-05-01T16:57:41.800Z,2025-05-01T16:58:02.735Z,2025-05-01T16:57:45.213Z,"ExecutionSpans([DoubleSliceSpan(<start='2025-05-01 16:57:59', stop='2025-05-01 16:58:01', size=4096>)])",1.85141
completed,19,13,61,"{""h"": 20, ""cx"": 13, ""x"": 6, ""z"": 6, ""y"": 6, ""measure"": 5, ""sdg"": 2, ""s"": 2, ""cz"": 1}",8,5,0,0,False,False,5,15,ibm,fixed_payload_experiments,"{""01001"": 207, ""11000"": 144, ""01010"": 224, ""10110"": 93, ""11010"": 242, ""11001"": 196, ""00100"": 71, ""01101"": 105, ""11011"": 193, ""11101"": 96, ""10011"": 190, ""00111"": 74, ""01000"": 99, ""01011"": 201, ""11111"": 104, ""00110"": 95, ""10010"": 130, ""01111"": 122, ""11100"": 124, ""11110"": 135, ""10101"": 98, ""01100"": 121, ""10100"": 93, ""00101"": 96, ""10111"": 89, ""00000"": 81, ""10001"": 101, ""00011"": 192, ""00010"": 107, ""10000"": 69, ""00001"": 103, ""01110"": 101}",0.019775390625,d09tgc1rxz8g008a4evg,ibm_sherbrooke,2,2.0,2.0,completed,0.019775390625,2025-05-01T16:58:24.576Z,2025-05-01T16:58:31.234Z,2025-05-01T16:58:27.493Z,"ExecutionSpans([DoubleSliceSpan(<start='2025-05-01 16:58:28', stop='2025-05-01 16:58:30', size=4096>)])",1.8453
completed,19,13,61,"{""h"": 16, ""cx"": 13, ""sdg"": 7, ""s"": 7, ""z"": 6, ""measure"": 5, ""x"": 4, ""y"": 2, ""cz"": 1}",8,5,0,0,False,False,5,15,ibm,fixed_payload_experiments,"{""01100"": 128, ""10101"": 103, ""01101"": 140, ""00001"": 162, ""10110"": 104, ""10100"": 123, ""11101"": 149, ""00011"": 152, ""00010"": 173, ""10001"": 89, ""00110"": 148, ""00101"": 131, ""01111"": 131, ""11100"": 178, ""00000"": 126, ""01010"": 168, ""10111"": 106, ""01001"": 135, ""10000"": 75, ""00111"": 131, ""11111"": 140, ""11001"": 106, ""01110"": 107, ""11011"": 98, ""00100"": 117, ""10010"": 99, ""11000"": 106, ""11010"": 110, ""01011"": 188, ""01000"": 152, ""11110"": 142, ""10011"": 79}",0.03076171875,d09tgkanhqag008pet20,ibm_sherbrooke,3,2.0,2.0,completed,0.03076171875,2025-05-01T16:58:54.066Z,2025-05-01T16:59:00.790Z,2025-05-01T16:58:56.947Z,"ExecutionSpans([DoubleSliceSpan(<start='2025-05-01 16:58:58', stop='2025-05-01 16:58:59', size=4096>)])",1.858592
completed,19,13,61,"{""h"": 16, ""cx"": 13, ""y"": 10, ""measure"": 5, ""s"": 4, ""z"": 4, ""x"": 4, ""sdg"": 4, ""cz"": 1}",8,5,0,0,False,False,5,15,ibm,fixed_payload_experiments,"{""01011"": 144, ""11101"": 84, ""11110"": 134, ""10010"": 140, ""11000"": 125, ""11001"": 146, ""10110"": 145, ""10111"": 106, ""11100"": 146, ""10100"": 202, ""10000"": 200, ""01010"": 65, ""00011"": 106, ""01101"": 81, ""10011"": 121, ""01111"": 93, ""00100"": 222, ""00111"": 93, ""01110"": 114, ""11111"": 112, ""11010"": 81, ""00110"": 144, ""00101"": 75, ""01000"": 112, ""01100"": 128, ""01001"": 146, ""00000"": 218, ""10001"": 112, ""11011"": 143, ""00010"": 148, ""10101"": 83, ""00001"": 127}",0.05322265625,d09tgtvnhqag008pet3g,ibm_sherbrooke,4,2.0,2.0,completed,0.05322265625,2025-05-01T16:59:23.433Z,2025-05-01T16:59:44.783Z,2025-05-01T16:59:40.966Z,"ExecutionSpans([DoubleSliceSpan(<start='2025-05-01 16:59:41', stop='2025-05-01 16:59:43', size=4096>)])",1.851974
completed,19,13,61,"{""h"": 14, ""cx"": 13, ""y"": 10, ""x"": 6, ""sdg"": 5, ""s"": 5, ""measure"": 5, ""z"": 2, ""cz"": 1}",8,5,0,0,False,False,5,15,ibm,fixed_payload_experiments,"{""00101"": 245, ""01101"": 209, ""11000"": 93, ""10101"": 243, ""11100"": 99, ""10100"": 93, ""01001"": 130, ""10010"": 148, ""00010"": 199, ""11010"": 158, ""00000"": 81, ""11101"": 274, ""11011"": 124, ""00100"": 121, ""10001"": 124, ""00110"": 124, ""01100"": 116, ""00001"": 104, ""01011"": 111, ""01010"": 206, ""01000"": 72, ""00011"": 122, ""10000"": 66, ""01111"": 79, ""11001"": 98, ""10110"": 97, ""11111"": 83, ""00111"": 97, ""10011"": 92, ""11110"": 98, ""10111"": 72, ""01110"": 118}",0.019775390625,d09th4w6rr3g00876mhg,ibm_sherbrooke,5,2.0,2.0,completed,0.019775390625,2025-05-01T17:00:03.757Z,2025-05-01T17:00:15.447Z,2025-05-01T17:00:06.582Z,"ExecutionSpans([DoubleSliceSpan(<start='2025-05-01 17:00:12', stop='2025-05-01 17:00:13', size=4096>)])",1.80901
completed,19,13,61,"{""h"": 24, ""cx"": 13, ""measure"": 5, ""z"": 4, ""x"": 4, ""y"": 4, ""sdg"": 3, ""s"": 3, ""cz"": 1}",8,5,0,0,False,False,5,15,ibm,fixed_payload_experiments,"{""10101"": 85, ""01110"": 120, ""01101"": 144, ""01011"": 99, ""11110"": 153, ""11100"": 151, ""00001"": 165, ""10100"": 105, ""00011"": 139, ""00101"": 208, ""01100"": 139, ""11101"": 150, ""11010"": 112, ""11111"": 126, ""11011"": 123, ""00010"": 141, ""00100"": 198, ""01000"": 142, ""10001"": 94, ""00000"": 156, ""11001"": 108, ""10111"": 88, ""00110"": 159, ""01001"": 145, ""01010"": 110, ""10110"": 87, ""01111"": 99, ""10000"": 108, ""00111"": 161, ""11000"": 120, ""10010"": 85, ""10011"": 76}",0.0380859375,d09thcnd8drg008yn5rg,ibm_sherbrooke,6,2.0,2.0,completed,0.0380859375,2025-05-01T17:00:34.621Z,2025-05-01T17:00:40.899Z,2025-05-01T17:00:37.482Z,"ExecutionSpans([DoubleSliceSpan(<start='2025-05-01 17:00:38', stop='2025-05-01 17:00:39', size=4096>)])",1.802117
completed,19,13,61,"{""h"": 20, ""cx"": 13, ""y"": 6, ""measure"": 5, ""z"": 4, ""sdg"": 4, ""x"": 4, ""s"": 4, ""cz"": 1}",8,5,0,0,False,False,5,15,ibm,fixed_payload_experiments,"{""00010"": 117, ""11011"": 164, ""01011"": 135, ""01111"": 153, ""01101"": 127, ""01000"": 108, ""10011"": 143, ""00110"": 119, ""10111"": 150, ""11001"": 151, ""01010"": 104, ""00011"": 89, ""11110"": 143, ""01110"": 114, ""11010"": 136, ""11101"": 141, ""00001"": 123, ""10100"": 136, ""10000"": 124, ""00100"": 153, ""11000"": 131, ""01001"": 98, ""11111"": 171, ""10101"": 120, ""10010"": 91, ""11100"": 139, ""10110"": 115, ""00000"": 144, ""01100"": 117, ""00111"": 104, ""10001"": 105, ""00101"": 131}",0.03515625,d09thjyd8drg008yn5v0,ibm_sherbrooke,7,2.0,2.0,completed,0.03515625,2025-05-01T17:00:59.254Z,2025-05-01T17:01:32.971Z,2025-05-01T17:01:29.462Z,"ExecutionSpans([DoubleSliceSpan(<start='2025-05-01 17:01:30', stop='2025-05-01 17:01:32', size=4096>)])",1.825476
completed,19,13,61,"{""h"": 18, ""cx"": 13, ""x"": 12, ""measure"": 5, ""sdg"": 4, ""s"": 4, ""z"": 2, ""y"": 2, ""cz"": 1}",8,5,0,0,False,False,5,15,ibm,fixed_payload_experiments,"{""10011"": 156, ""10000"": 140, ""10110"": 196, ""00111"": 190, ""11111"": 101, ""00001"": 161, ""01100"": 104, ""10100"": 152, ""11110"": 92, ""11100"": 77, ""00000"": 119, ""00010"": 166, ""10111"": 166, ""10101"": 236, ""01101"": 108, ""00100"": 171, ""00101"": 213, ""00110"": 190, ""01011"": 67, ""11000"": 49, ""01110"": 95, ""00011"": 138, ""01111"": 108, ""01001"": 71, ""10010"": 202, ""10001"": 149, ""11010"": 82, ""11101"": 97, ""11011"": 73, ""01010"": 76, ""01000"": 61, ""11001"": 90}",0.029052734375,d09thzzqnmvg00870qr0,ibm_sherbrooke,8,2.0,2.0,completed,0.029052734375,2025-05-01T17:01:51.214Z,2025-05-01T17:01:58.534Z,2025-05-01T17:01:54.990Z,"ExecutionSpans([DoubleSliceSpan(<start='2025-05-01 17:01:55', stop='2025-05-01 17:01:57', size=4096>)])",1.825765
completed,19,13,61,"{""h"": 22, ""cx"": 13, ""z"": 12, ""measure"": 5, ""s"": 4, ""sdg"": 4, ""cz"": 1}",8,5,0,0,False,False,5,15,ibm,fixed_payload_experiments,"{""11101"": 150, ""11000"": 119, ""00101"": 158, ""00100"": 268, ""10011"": 108, ""11011"": 105, ""01101"": 101, ""11100"": 170, ""11001"": 108, ""11010"": 82, ""01110"": 89, ""00010"": 113, ""10001"": 139, ""10110"": 149, ""01011"": 81, ""10100"": 271, ""00001"": 126, ""10000"": 154, ""11111"": 127, ""00111"": 102, ""00110"": 157, ""01100"": 110, ""00000"": 157, ""10010"": 105, ""00011"": 92, ""01010"": 82, ""10101"": 171, ""01000"": 94, ""01001"": 82, ""01111"": 68, ""11110"": 127, ""10111"": 131}",0.038330078125,d09tj6rnhqag008petfg,ibm_sherbrooke,9,2.0,2.0,completed,0.038330078125,2025-05-01T17:02:19.972Z,2025-05-01T17:02:26.293Z,2025-05-01T17:02:22.943Z,"ExecutionSpans([DoubleSliceSpan(<start='2025-05-01 17:02:23', stop='2025-05-01 17:02:25', size=4096>)])",1.807921
completed,19,13,61,"{""h"": 16, ""cx"": 13, ""z"": 10, ""sdg"": 5, ""s"": 5, ""measure"": 5, ""y"": 4, ""x"": 2, ""cz"": 1}",8,5,0,0,False,False,5,15,ibm,fixed_payload_experiments,"{""10100"": 192, ""01000"": 54, ""10001"": 193, ""11011"": 94, ""10011"": 186, ""10110"": 269, ""00000"": 116, ""10111"": 117, ""00010"": 165, ""11110"": 149, ""11010"": 90, ""01011"": 104, ""11111"": 71, ""11100"": 102, ""10010"": 174, ""00011"": 176, ""00110"": 235, ""01110"": 131, ""00101"": 114, ""01111"": 69, ""00100"": 174, ""00111"": 116, ""01101"": 61, ""10101"": 137, ""01001"": 86, ""11000"": 60, ""11101"": 77, ""01100"": 99, ""10000"": 121, ""00001"": 191, ""11001"": 105, ""01010"": 68}",0.0283203125,d09tjdhrxz8g008a4f7g,ibm_sherbrooke,10,2.0,2.0,completed,0.0283203125,2025-05-01T17:02:46.438Z,2025-05-01T17:02:52.674Z,2025-05-01T17:02:49.265Z,"ExecutionSpans([DoubleSliceSpan(<start='2025-05-01 17:02:50', stop='2025-05-01 17:02:51', size=4096>)])",1.857394
completed,19,13,61,"{""h"": 20, ""cx"": 13, ""y"": 6, ""sdg"": 6, ""s"": 6, ""measure"": 5, ""z"": 2, ""x"": 2, ""cz"": 1}",8,5,0,0,False,False,5,15,ibm,fixed_payload_experiments,"{""11001"": 174, ""01010"": 82, ""00000"": 129, ""01100"": 145, ""10101"": 109, ""01011"": 132, ""00001"": 126, ""10001"": 135, ""10100"": 141, ""10000"": 135, ""10110"": 107, ""00110"": 104, ""00100"": 130, ""10111"": 119, ""01111"": 118, ""01101"": 128, ""11110"": 119, ""11101"": 138, ""00010"": 91, ""01001"": 162, ""01000"": 174, ""11100"": 194, ""11000"": 203, ""11011"": 139, ""00011"": 121, ""00111"": 128, ""01110"": 104, ""10011"": 114, ""11111"": 114, ""10010"": 83, ""11010"": 106, ""00101"": 92}",0.031494140625,d09tk34rxz8g008a4fb0,ibm_sherbrooke,11,2.0,2.0,completed,0.031494140625,2025-05-01T17:04:12.218Z,2025-05-01T17:04:32.886Z,2025-05-01T17:04:15.543Z,"ExecutionSpans([DoubleSliceSpan(<start='2025-05-01 17:04:30', stop='2025-05-01 17:04:31', size=4096>)])",1.8983189999999999
completed,19,13,61,"{""h"": 20, ""cx"": 13, ""x"": 6, ""measure"": 5, ""y"": 4, ""sdg"": 4, ""z"": 4, ""s"": 4, ""cz"": 1}",8,5,0,0,False,False,5,15,ibm,fixed_payload_experiments,"{""11101"": 156, ""00100"": 159, ""01110"": 93, ""00000"": 226, ""11100"": 149, ""10000"": 152, ""00010"": 113, ""11010"": 65, ""01001"": 196, ""01000"": 236, ""10101"": 90, ""00011"": 126, ""00001"": 220, ""00110"": 86, ""00111"": 105, ""01101"": 176, ""11001"": 175, ""10001"": 122, ""11111"": 92, ""01111"": 113, ""01100"": 134, ""01011"": 99, ""01010"": 117, ""10010"": 74, ""00101"": 159, ""10100"": 111, ""11011"": 74, ""10110"": 51, ""11110"": 98, ""10111"": 96, ""11000"": 157, ""10011"": 76}",0.05517578125,d09tkedqnmvg00870r1g,ibm_sherbrooke,12,2.0,2.0,completed,0.05517578125,2025-05-01T17:04:57.158Z,2025-05-01T17:05:06.293Z,2025-05-01T17:05:00.353Z,"ExecutionSpans([DoubleSliceSpan(<start='2025-05-01 17:05:03', stop='2025-05-01 17:05:05', size=4096>)])",1.832921
completed,19,13,61,"{""h"": 16, ""cx"": 13, ""x"": 12, ""measure"": 5, ""z"": 4, ""y"": 4, ""s"": 3, ""sdg"": 3, ""cz"": 1}",8,5,0,0,False,False,5,15,ibm,fixed_payload_experiments,"{""10101"": 128, ""00011"": 119, ""01110"": 158, ""11111"": 145, ""00001"": 117, ""01001"": 142, ""11110"": 123, ""01000"": 141, ""10111"": 115, ""11100"": 118, ""11101"": 149, ""00000"": 147, ""00100"": 160, ""00010"": 143, ""01111"": 139, ""01011"": 133, ""00101"": 130, ""01010"": 172, ""01100"": 142, ""01101"": 118, ""00111"": 126, ""10000"": 114, ""10001"": 112, ""10011"": 98, ""10010"": 105, ""11001"": 131, ""11000"": 122, ""11010"": 109, ""10100"": 99, ""00110"": 119, ""11011"": 119, ""10110"": 103}",0.035888671875,d09tkppqnmvg00870r5g,ibm_sherbrooke,13,2.0,2.0,completed,0.035888671875,2025-05-01T17:05:31.347Z,2025-05-01T17:05:37.818Z,2025-05-01T17:05:34.077Z,"ExecutionSpans([DoubleSliceSpan(<start='2025-05-01 17:05:35', stop='2025-05-01 17:05:36', size=4096>)])",1.836569
completed,19,13,61,"{""h"": 18, ""cx"": 13, ""z"": 6, ""y"": 6, ""x"": 6, ""measure"": 5, ""sdg"": 3, ""s"": 3, ""cz"": 1}",8,5,0,0,False,False,5,15,ibm,fixed_payload_experiments,"{""00100"": 203, ""01001"": 143, ""00110"": 107, ""10101"": 321, ""11101"": 204, ""11001"": 151, ""00101"": 258, ""01010"": 100, ""10011"": 108, ""11111"": 91, ""00111"": 103, ""01110"": 65, ""00010"": 67, ""11100"": 139, ""10001"": 108, ""10010"": 76, ""11010"": 106, ""01101"": 150, ""01000"": 122, ""10110"": 116, ""10000"": 119, ""01100"": 118, ""10100"": 203, ""11110"": 93, ""00000"": 125, ""01111"": 91, ""10111"": 110, ""01011"": 86, ""11000"": 136, ""00011"": 58, ""00001"": 108, ""11011"": 111}",0.030517578125,d09tkyfd8drg008yn6d0,ibm_sherbrooke,14,2.0,2.0,completed,0.030517578125,2025-05-01T17:06:01.447Z,2025-05-01T17:06:08.078Z,2025-05-01T17:06:04.348Z,"ExecutionSpans([DoubleSliceSpan(<start='2025-05-01 17:06:05', stop='2025-05-01 17:06:07', size=4096>)])",1.8532250000000001
completed,19,13,61,"{""cx"": 13, ""h"": 12, ""z"": 8, ""x"": 6, ""y"": 6, ""sdg"": 5, ""s"": 5, ""measure"": 5, ""cz"": 1}",8,5,0,0,False,False,5,15,ibm,fixed_payload_experiments,"{""11110"": 101, ""11111"": 88, ""01101"": 84, ""01011"": 138, ""10110"": 125, ""00000"": 191, ""10011"": 177, ""00001"": 91, ""11010"": 244, ""01010"": 164, ""10001"": 81, ""00010"": 323, ""10000"": 209, ""10101"": 74, ""00011"": 168, ""00111"": 97, ""00100"": 80, ""00101"": 77, ""01110"": 77, ""11011"": 136, ""11101"": 99, ""10010"": 311, ""01111"": 89, ""01000"": 114, ""01100"": 77, ""01001"": 69, ""11001"": 73, ""11100"": 85, ""00110"": 118, ""11000"": 145, ""10111"": 105, ""10100"": 86}",0.046630859375,d09tm50qnmvg00870rbg,ibm_sherbrooke,15,2.0,2.0,completed,0.046630859375,2025-05-01T17:06:28.611Z,2025-05-01T17:06:35.641Z,2025-05-01T17:06:31.920Z,"ExecutionSpans([DoubleSliceSpan(<start='2025-05-01 17:06:32', stop='2025-05-01 17:06:34', size=4096>)])",1.818285
completed,19,13,61,"{""cx"": 13, ""h"": 12, ""x"": 10, ""sdg"": 6, ""z"": 6, ""s"": 6, ""measure"": 5, ""y"": 2, ""cz"": 1}",8,5,0,0,False,False,5,15,ibm,fixed_payload_experiments,"{""00011"": 210, ""00000"": 304, ""10011"": 76, ""01110"": 122, ""01010"": 125, ""00010"": 209, ""01100"": 121, ""10001"": 98, ""10000"": 96, ""10110"": 66, ""11011"": 67, ""01011"": 120, ""00101"": 226, ""00111"": 221, ""00100"": 289, ""01000"": 127, ""11001"": 63, ""01101"": 118, ""00001"": 279, ""10100"": 117, ""11110"": 53, ""11101"": 51, ""10111"": 93, ""01111"": 119, ""00110"": 192, ""10010"": 84, ""11111"": 64, ""11010"": 64, ""10101"": 91, ""01001"": 112, ""11000"": 56, ""11100"": 63}",0.07421875,d09tmchqnmvg00870rdg,ibm_sherbrooke,16,2.0,2.0,completed,0.07421875,2025-05-01T17:06:59.145Z,2025-05-01T17:07:06.059Z,2025-05-01T17:07:02.632Z,"ExecutionSpans([DoubleSliceSpan(<start='2025-05-01 17:07:03', stop='2025-05-01 17:07:05', size=4096>)])",1.826009
completed,19,13,61,"{""h"": 16, ""cx"": 13, ""z"": 8, ""sdg"": 6, ""s"": 6, ""measure"": 5, ""x"": 4, ""y"": 2, ""cz"": 1}",8,5,0,0,False,False,5,15,ibm,fixed_payload_experiments,"{""01100"": 171, ""01010"": 142, ""00001"": 265, ""01001"": 172, ""00101"": 299, ""11101"": 71, ""11011"": 73, ""11100"": 86, ""11000"": 62, ""10111"": 67, ""11001"": 70, ""11111"": 80, ""10001"": 73, ""00010"": 151, ""10010"": 57, ""01000"": 145, ""00100"": 239, ""01111"": 162, ""01101"": 225, ""10101"": 70, ""00000"": 257, ""00110"": 165, ""01110"": 156, ""11110"": 91, ""10000"": 61, ""10110"": 61, ""00111"": 150, ""11010"": 75, ""10100"": 80, ""00011"": 137, ""01011"": 129, ""10011"": 54}",0.062744140625,d09tmkt6rr3g00876neg,ibm_sherbrooke,17,2.0,2.0,completed,0.062744140625,2025-05-01T17:07:27.234Z,2025-05-01T17:07:33.602Z,2025-05-01T17:07:30.267Z,"ExecutionSpans([DoubleSliceSpan(<start='2025-05-01 17:07:31', stop='2025-05-01 17:07:32', size=4096>)])",1.8337949999999998
completed,19,13,61,"{""h"": 14, ""cx"": 13, ""s"": 9, ""sdg"": 9, ""z"": 6, ""measure"": 5, ""y"": 2, ""x"": 2, ""cz"": 1}",8,5,0,0,False,False,5,15,ibm,fixed_payload_experiments,"{""01011"": 160, ""01001"": 165, ""00000"": 206, ""00100"": 293, ""00010"": 142, ""00001"": 151, ""00111"": 117, ""11101"": 96, ""11001"": 63, ""01101"": 202, ""10010"": 85, ""11011"": 113, ""01010"": 141, ""10101"": 94, ""11110"": 83, ""01000"": 217, ""11010"": 85, ""01110"": 134, ""11000"": 88, ""11111"": 66, ""10110"": 66, ""10011"": 97, ""00101"": 225, ""00110"": 108, ""10111"": 60, ""01100"": 264, ""10001"": 77, ""10100"": 87, ""11100"": 97, ""10000"": 66, ""01111"": 112, ""00011"": 136}",0.05029296875,d09tmtbd8drg008yn6ng,ibm_sherbrooke,18,2.0,2.0,completed,0.05029296875,2025-05-01T17:07:54.011Z,2025-05-01T17:08:01.275Z,2025-05-01T17:07:56.808Z,"ExecutionSpans([DoubleSliceSpan(<start='2025-05-01 17:07:58', stop='2025-05-01 17:08:00', size=4096>)])",1.967812
completed,19,13,61,"{""h"": 16, ""cx"": 13, ""x"": 8, ""sdg"": 6, ""s"": 6, ""measure"": 5, ""y"": 4, ""z"": 2, ""cz"": 1}",8,5,0,0,False,False,5,15,ibm,fixed_payload_experiments,"{""10010"": 195, ""00100"": 121, ""11001"": 111, ""10110"": 212, ""01111"": 93, ""01001"": 103, ""10100"": 127, ""00110"": 188, ""11110"": 108, ""10111"": 186, ""10101"": 171, ""00101"": 144, ""10000"": 150, ""10011"": 184, ""01100"": 103, ""00010"": 160, ""00111"": 140, ""11100"": 96, ""01010"": 94, ""00000"": 107, ""00001"": 151, ""00011"": 186, ""01000"": 71, ""01101"": 91, ""10001"": 164, ""01110"": 108, ""11111"": 120, ""01011"": 61, ""11000"": 82, ""11011"": 87, ""11101"": 102, ""11010"": 80}",0.026123046875,d09tn2mkzhn0008v8b90,ibm_sherbrooke,19,3.0,3.0,completed,0.026123046875,2025-05-01T17:08:27.134Z,2025-05-01T17:08:34.441Z,2025-05-01T17:08:30.047Z,"ExecutionSpans([DoubleSliceSpan(<start='2025-05-01 17:08:31', stop='2025-05-01 17:08:33', size=4096>)])",2.294091
completed,19,13,61,"{""h"": 18, ""cx"": 13, ""sdg"": 6, ""s"": 6, ""z"": 6, ""measure"": 5, ""x"": 4, ""y"": 2, ""cz"": 1}",8,5,0,0,False,False,5,15,ibm,fixed_payload_experiments,"{""10110"": 103, ""00001"": 202, ""10000"": 161, ""11100"": 81, ""00000"": 237, ""01111"": 65, ""10001"": 166, ""10101"": 212, ""10100"": 145, ""00011"": 212, ""10111"": 159, ""11111"": 65, ""11110"": 59, ""00110"": 144, ""00101"": 203, ""00100"": 158, ""01010"": 81, ""11000"": 79, ""11101"": 137, ""10011"": 181, ""01001"": 48, ""00111"": 142, ""00010"": 232, ""01000"": 80, ""01011"": 74, ""01110"": 57, ""10010"": 186, ""11010"": 101, ""01101"": 85, ""11001"": 74, ""11011"": 87, ""01100"": 80}",0.057861328125,d09tn95d8drg008yn6wg,ibm_sherbrooke,20,2.0,2.0,completed,0.057861328125,2025-05-01T17:08:53.083Z,2025-05-01T17:08:59.100Z,2025-05-01T17:08:55.771Z,"ExecutionSpans([DoubleSliceSpan(<start='2025-05-01 17:08:56', stop='2025-05-01 17:08:58', size=4096>)])",1.83084
